source_index,event_time_months,scaled_schoenfeld_residual,model,value_provenance,cohort,log_event_time_centered_60m,rolling_mean_51_events,followup_region
6112,1.0,0.4248596109517903,DemoRisk,recomputed/revised,temporal_test,-4.0943445622221,0.1273043172746241,early_0_36m
1893,2.0,0.7512558157927449,DemoRisk,recomputed/revised,temporal_test,-3.4011973816621555,0.14631466597491466,early_0_36m
18,3.0,1.1576133468819605,DemoRisk,recomputed/revised,temporal_test,-2.995732273553991,0.12058346505609166,early_0_36m
174,3.0,1.0520188119565246,DemoRisk,recomputed/revised,temporal_test,-2.995732273553991,0.14217114013340956,early_0_36m
761,3.0,-1.0165591194327102,DemoRisk,recomputed/revised,temporal_test,-2.995732273553991,0.09529000922430247,early_0_36m
2891,3.0,-1.5169640003498042,DemoRisk,recomputed/revised,temporal_test,-2.995732273553991,0.11294382543510474,early_0_36m
5384,3.0,0.6332032158228088,DemoRisk,recomputed/revised,temporal_test,-2.995732273553991,0.14588209472833036,early_0_36m
2012,4.0,0.5434424159894161,DemoRisk,recomputed/revised,temporal_test,-2.70805020110221,0.04924986953115819,early_0_36m
4560,5.0,-0.55940856638729,DemoRisk,recomputed/revised,temporal_test,-2.4849066497880004,0.031565990853260846,early_0_36m
5626,5.0,0.7547643294096774,DemoRisk,recomputed/revised,temporal_test,-2.4849066497880004,0.03155561957196852,early_0_36m
282,6.0,0.7556929144933747,DemoRisk,recomputed/revised,temporal_test,-2.3025850929940455,-0.04169496187336758,early_0_36m
2757,6.0,1.1604904670320837,DemoRisk,recomputed/revised,temporal_test,-2.3025850929940455,-0.04504988601073907,early_0_36m
4659,6.0,-2.2196594484824175,DemoRisk,recomputed/revised,temporal_test,-2.3025850929940455,-0.013113622813116227,early_0_36m
4640,7.0,0.22661894476343017,DemoRisk,recomputed/revised,temporal_test,-2.1484344131667874,0.01451185466590478,early_0_36m
6023,7.0,0.025936268419078402,DemoRisk,recomputed/revised,temporal_test,-2.1484344131667874,0.04075605827097474,early_0_36m
5,8.0,1.1628634381401475,DemoRisk,recomputed/revised,temporal_test,-2.0149030205422647,0.026422770600572215,early_0_36m
418,8.0,-0.2691469844315791,DemoRisk,recomputed/revised,temporal_test,-2.0149030205422647,-0.04345969817986663,early_0_36m
452,8.0,-0.17149183231489384,DemoRisk,recomputed/revised,temporal_test,-2.0149030205422647,-0.015191758405447694,early_0_36m
1836,8.0,0.7580658856014385,DemoRisk,recomputed/revised,temporal_test,-2.0149030205422647,-0.0024807460481127215,early_0_36m
2597,8.0,-0.3658351604369425,DemoRisk,recomputed/revised,temporal_test,-2.0149030205422647,-0.05376351493294981,early_0_36m
3223,8.0,-1.011309028174523,DemoRisk,recomputed/revised,temporal_test,-2.0149030205422647,-0.027086650753853303,early_0_36m
3407,8.0,-1.1841378591956657,DemoRisk,recomputed/revised,temporal_test,-2.0149030205422647,-0.04965770029356439,early_0_36m
4952,8.0,1.0572689032147116,DemoRisk,recomputed/revised,temporal_test,-2.0149030205422647,-0.07969726954172131,early_0_36m
258,9.0,0.5493126017292999,DemoRisk,recomputed/revised,temporal_test,-1.8971199848858813,-0.08918164574650865,early_0_36m
380,9.0,1.1649938632416208,DemoRisk,recomputed/revised,temporal_test,-1.8971199848858813,-0.12857352700155572,early_0_36m
1956,9.0,-0.5539765850940556,DemoRisk,recomputed/revised,temporal_test,-1.8971199848858813,-0.12529221670840598,early_0_36m
2252,9.0,0.6405837321824692,DemoRisk,recomputed/revised,temporal_test,-1.8971199848858813,-0.11059262584943372,early_0_36m
4709,9.0,-0.5741589597521293,DemoRisk,recomputed/revised,temporal_test,-1.8971199848858813,-0.10226102851897653,early_0_36m
1271,10.0,0.7466260422983108,DemoRisk,recomputed/revised,temporal_test,-1.791759469228055,-0.10983443282828255,early_0_36m
1561,10.0,-1.2642627871398036,DemoRisk,recomputed/revised,temporal_test,-1.791759469228055,-0.1814000202845477,early_0_36m
1971,10.0,0.6425583117591731,DemoRisk,recomputed/revised,temporal_test,-1.791759469228055,-0.15458459977435066,early_0_36m
2410,10.0,1.1669684428183247,DemoRisk,recomputed/revised,temporal_test,-1.791759469228055,-0.11002011194149079,early_0_36m
3365,10.0,-3.042981336778351,DemoRisk,recomputed/revised,temporal_test,-1.791759469228055,-0.14200459042171465,early_0_36m
4727,10.0,-0.5520020055173516,DemoRisk,recomputed/revised,temporal_test,-1.791759469228055,-0.1669465341077025,early_0_36m
6645,10.0,0.031202996008029626,DemoRisk,recomputed/revised,temporal_test,-1.791759469228055,-0.1328689803580145,early_0_36m
579,11.0,-2.6054653124601312,DemoRisk,recomputed/revised,temporal_test,-1.6964492894237302,-0.16190783616595383,early_0_36m
4979,11.0,-0.16582715495611264,DemoRisk,recomputed/revised,temporal_test,-1.6964492894237302,-0.15361658596294553,early_0_36m
6061,11.0,1.1685281154989289,DemoRisk,recomputed/revised,temporal_test,-1.6964492894237302,-0.17159749895610688,early_0_36m
1223,12.0,1.064279998868703,DemoRisk,recomputed/revised,temporal_test,-1.6094379124341003,-0.13681637702791807,early_0_36m
2931,12.0,1.064279998868703,DemoRisk,recomputed/revised,temporal_test,-1.6094379124341003,-0.18436880532134034,early_0_36m
1414,13.0,-0.5469087362155287,DemoRisk,recomputed/revised,temporal_test,-1.529395204760564,-0.1617088298528243,early_0_36m
5159,13.0,-2.908640918177859,DemoRisk,recomputed/revised,temporal_test,-1.529395204760564,-0.16134154398668216,early_0_36m
6530,13.0,1.1720617121201475,DemoRisk,recomputed/revised,temporal_test,-1.529395204760564,-0.1328956223838395,early_0_36m
6582,13.0,0.5440927853172911,DemoRisk,recomputed/revised,temporal_test,-1.529395204760564,-0.14607452302639082,early_0_36m
75,14.0,-2.310205345865782,DemoRisk,recomputed/revised,temporal_test,-1.455287232606842,-0.13769246799023693,early_0_36m
2955,14.0,1.1733722373054898,DemoRisk,recomputed/revised,temporal_test,-1.455287232606842,-0.15434475376460152,early_0_36m
5025,14.0,-1.087925979120274,DemoRisk,recomputed/revised,temporal_test,-1.455287232606842,-0.12760938943844438,early_0_36m
158,15.0,-1.4915570242050968,DemoRisk,recomputed/revised,temporal_test,-1.3862943611198906,-0.16043217096609916,early_0_36m
3450,15.0,-0.5444317035763006,DemoRisk,recomputed/revised,temporal_test,-1.3862943611198906,-0.16585404867802334,early_0_36m
3654,15.0,-2.058775708498863,DemoRisk,recomputed/revised,temporal_test,-1.3862943611198906,-0.16955800676317506,early_0_36m
4257,15.0,0.03877329794908072,DemoRisk,recomputed/revised,temporal_test,-1.3862943611198906,-0.16915493168075024,early_0_36m
6709,15.0,1.1745387447593758,DemoRisk,recomputed/revised,temporal_test,-1.3862943611198906,-0.19611870861737166,early_0_36m
2342,16.0,1.1761672796460623,DemoRisk,recomputed/revised,temporal_test,-1.3217558399823195,-0.20766835532016692,early_0_36m
2488,16.0,0.7713697271073532,DemoRisk,recomputed/revised,temporal_test,-1.3217558399823195,-0.23677854210678237,early_0_36m
3401,16.0,-2.597826148312998,DemoRisk,recomputed/revised,temporal_test,-1.3217558399823195,-0.28058023215344646,early_0_36m
4249,16.0,0.35102732658733954,DemoRisk,recomputed/revised,temporal_test,-1.3217558399823195,-0.24043615774559135,early_0_36m
5631,16.0,0.7558248791260481,DemoRisk,recomputed/revised,temporal_test,-1.3217558399823195,-0.28946862076000396,early_0_36m
6051,16.0,-0.9980051866686084,DemoRisk,recomputed/revised,temporal_test,-1.3217558399823195,-0.2952510229420392,early_0_36m
6098,16.0,-0.7285967119959641,DemoRisk,recomputed/revised,temporal_test,-1.3217558399823195,-0.22023011422754588,early_0_36m
62,17.0,1.1785466748467983,DemoRisk,recomputed/revised,temporal_test,-1.2611312181658847,-0.24007157077965677,early_0_36m
2944,17.0,-0.7262173167952278,DemoRisk,recomputed/revised,temporal_test,-1.2611312181658847,-0.28457314898161196,early_0_36m
5801,17.0,1.1785466748467983,DemoRisk,recomputed/revised,temporal_test,-1.2611312181658847,-0.23633326706739,early_0_36m
5923,17.0,0.24346390438085502,DemoRisk,recomputed/revised,temporal_test,-1.2611312181658847,-0.21595808153971632,early_0_36m
6045,17.0,-0.4458222301447892,DemoRisk,recomputed/revised,temporal_test,-1.2611312181658847,-0.2496154660343523,early_0_36m
2523,18.0,-2.198554898201105,DemoRisk,recomputed/revised,temporal_test,-1.2039728043259361,-0.24712773406577312,early_0_36m
2957,18.0,1.1815950173133964,DemoRisk,recomputed/revised,temporal_test,-1.2039728043259361,-0.27834530500573657,early_0_36m
6066,18.0,1.1815950173133964,DemoRisk,recomputed/revised,temporal_test,-1.2039728043259361,-0.2522028439676373,early_0_36m
6716,18.0,1.1815950173133964,DemoRisk,recomputed/revised,temporal_test,-1.2039728043259361,-0.2059157376058657,early_0_36m
2596,19.0,-0.8436157650850108,DemoRisk,recomputed/revised,temporal_test,-1.1499055830556604,-0.21173385547878518,early_0_36m
2655,19.0,1.1855506924452854,DemoRisk,recomputed/revised,temporal_test,-1.1499055830556604,-0.1990463742248841,early_0_36m
2694,19.0,-1.2151017349295348,DemoRisk,recomputed/revised,temporal_test,-1.1499055830556604,-0.13826722806733546,early_0_36m
3801,19.0,0.3521945524594896,DemoRisk,recomputed/revised,temporal_test,-1.1499055830556604,-0.1640201466369947,early_0_36m
3928,19.0,-2.858099717106058,DemoRisk,recomputed/revised,temporal_test,-1.1499055830556604,-0.1272072625724952,early_0_36m
4181,19.0,0.7807531399065765,DemoRisk,recomputed/revised,temporal_test,-1.1499055830556604,-0.11008111886035113,early_0_36m
4955,19.0,0.3604107393865629,DemoRisk,recomputed/revised,temporal_test,-1.1499055830556604,-0.09232809485449987,early_0_36m
6320,19.0,1.1855506924452854,DemoRisk,recomputed/revised,temporal_test,-1.1499055830556604,-0.03647894158649865,early_0_36m
6473,19.0,-1.9291292088617462,DemoRisk,recomputed/revised,temporal_test,-1.1499055830556604,-0.09636902819116232,early_0_36m
1099,20.0,0.05155175033991132,DemoRisk,recomputed/revised,temporal_test,-1.0986122886681098,-0.10626354221293915,early_0_36m
4851,20.0,-2.0587784858695186,DemoRisk,recomputed/revised,temporal_test,-1.0986122886681098,-0.13013849622558094,early_0_36m
5297,20.0,-1.4872601500815583,DemoRisk,recomputed/revised,temporal_test,-1.0986122886681098,-0.15203969944479284,early_0_36m
1240,21.0,0.7830850076608069,DemoRisk,recomputed/revised,temporal_test,-1.0498221244986778,-0.16129250172092774,early_0_36m
1857,21.0,-1.8580973019758693,DemoRisk,recomputed/revised,temporal_test,-1.0498221244986778,-0.17843759614558197,early_0_36m
1934,21.0,0.8720659315345298,DemoRisk,recomputed/revised,temporal_test,-1.0498221244986778,-0.17775180148674097,early_0_36m
3528,21.0,0.7830850076608069,DemoRisk,recomputed/revised,temporal_test,-1.0498221244986778,-0.20702671942308698,early_0_36m
6540,21.0,-1.5639162896750065,DemoRisk,recomputed/revised,temporal_test,-1.0498221244986778,-0.19948747451547863,early_0_36m
3924,22.0,-2.2383774922916846,DemoRisk,recomputed/revised,temporal_test,-1.0033021088637848,-0.27559792686285206,early_0_36m
5038,22.0,-0.1452313348348117,DemoRisk,recomputed/revised,temporal_test,-1.0033021088637848,-0.3130299213926314,early_0_36m
5303,22.0,0.8733073069552436,DemoRisk,recomputed/revised,temporal_test,-1.0033021088637848,-0.31266711222028143,early_0_36m
242,23.0,-0.5479984937275073,DemoRisk,recomputed/revised,temporal_test,-0.958850346292951,-0.34326223961146224,early_0_36m
1291,23.0,1.1911543292662428,DemoRisk,recomputed/revised,temporal_test,-0.958850346292951,-0.32312124135128356,early_0_36m
2562,23.0,-0.5278161190694335,DemoRisk,recomputed/revised,temporal_test,-0.958850346292951,-0.3104975944696516,early_0_36m
4066,23.0,0.7863567767275338,DemoRisk,recomputed/revised,temporal_test,-0.958850346292951,-0.34932896602872726,early_0_36m
4890,23.0,-0.5479984937275073,DemoRisk,recomputed/revised,temporal_test,-0.958850346292951,-0.35696313518981465,early_0_36m
5062,23.0,0.8753377006012568,DemoRisk,recomputed/revised,temporal_test,-0.958850346292951,-0.36459730435090215,early_0_36m
6265,23.0,1.1911543292662428,DemoRisk,recomputed/revised,temporal_test,-0.958850346292951,-0.3429192075419665,early_0_36m
101,24.0,0.7895311081692001,DemoRisk,recomputed/revised,temporal_test,-0.916290731874155,-0.34265030228937876,early_0_36m
2517,24.0,-0.14002660974713219,DemoRisk,recomputed/revised,temporal_test,-0.916290731874155,-0.3379406134865919,early_0_36m
2688,24.0,0.7895311081692001,DemoRisk,recomputed/revised,temporal_test,-0.916290731874155,-0.3292685986762181,early_0_36m
2964,24.0,-0.6181236948857484,DemoRisk,recomputed/revised,temporal_test,-0.916290731874155,-0.26384212031877446,early_0_36m
3229,24.0,0.36097252072211333,DemoRisk,recomputed/revised,temporal_test,-0.916290731874155,-0.2635289649377394,early_0_36m
3300,24.0,0.7895311081692001,DemoRisk,recomputed/revised,temporal_test,-0.916290731874155,-0.2470365947908471,early_0_36m
3369,24.0,-3.0156211188887667,DemoRisk,recomputed/revised,temporal_test,-0.916290731874155,-0.25466064632233576,early_0_36m
5474,24.0,0.6699185296487575,DemoRisk,recomputed/revised,temporal_test,-0.916290731874155,-0.22694757582690736,early_0_36m
5725,24.0,-0.041455374998668096,DemoRisk,recomputed/revised,temporal_test,-0.916290731874155,-0.22468170931380185,early_0_36m
1073,25.0,-0.34559163707245416,DemoRisk,recomputed/revised,temporal_test,-0.8754687373538999,-0.2131638863063796,early_0_36m
5328,25.0,-3.069719064395878,DemoRisk,recomputed/revised,temporal_test,-0.8754687373538999,-0.1941149150027196,early_0_36m
332,26.0,-0.5233724890700266,DemoRisk,recomputed/revised,temporal_test,-0.8362480242006186,-0.21393723222350594,early_0_36m
3171,26.0,0.7908004067269407,DemoRisk,recomputed/revised,temporal_test,-0.8362480242006186,-0.15389302528334323,early_0_36m
4525,26.0,-2.491026001422256,DemoRisk,recomputed/revised,temporal_test,-0.8362480242006186,-0.14738143076495305,early_0_36m
53,27.0,-0.34409522170793827,DemoRisk,recomputed/revised,temporal_test,-0.7985076962177716,-0.17322614799401437,early_0_36m
355,27.0,-2.7030863948692465,DemoRisk,recomputed/revised,temporal_test,-0.7985076962177716,-0.18795955803711842,early_0_36m
525,27.0,-2.6352490378139755,DemoRisk,recomputed/revised,temporal_test,-0.7985076962177716,-0.14070919990138214,early_0_36m
634,27.0,1.1970499426366477,DemoRisk,recomputed/revised,temporal_test,-0.7985076962177716,-0.19914892739615728,early_0_36m
2630,27.0,-1.3168875925693708,DemoRisk,recomputed/revised,temporal_test,-0.7985076962177716,-0.21487483143885297,early_0_36m
2876,27.0,0.5813686811243268,DemoRisk,recomputed/revised,temporal_test,-0.7985076962177716,-0.2085407193066208,early_0_36m
4218,27.0,-1.5547489072378742,DemoRisk,recomputed/revised,temporal_test,-0.7985076962177716,-0.21851155877205877,early_0_36m
4651,27.0,-0.7988049321994636,DemoRisk,recomputed/revised,temporal_test,-0.7985076962177716,-0.19243175065208262,early_0_36m
4652,27.0,0.7922523900979388,DemoRisk,recomputed/revised,temporal_test,-0.7985076962177716,-0.18418283161560176,early_0_36m
5426,27.0,0.7922523900979388,DemoRisk,recomputed/revised,temporal_test,-0.7985076962177716,-0.15770729065919276,early_0_36m
5996,27.0,0.2619671721707045,DemoRisk,recomputed/revised,temporal_test,-0.7985076962177716,-0.23309479242949233,early_0_36m
520,28.0,1.1992648603272626,DemoRisk,recomputed/revised,temporal_test,-0.7621400520468967,-0.2509631697522988,early_0_36m
845,28.0,-0.9749076059874078,DemoRisk,recomputed/revised,temporal_test,-0.7621400520468967,-0.25067403036616037,early_0_36m
3566,28.0,0.7944673077885537,DemoRisk,recomputed/revised,temporal_test,-0.7621400520468967,-0.3121720461247606,early_0_36m
6690,28.0,0.47865067912356773,DemoRisk,recomputed/revised,temporal_test,-0.7621400520468967,-0.3320243355627989,early_0_36m
1514,29.0,0.7967240643393633,DemoRisk,recomputed/revised,temporal_test,-0.7270487322356266,-0.3040989025306248,early_0_36m
2739,29.0,1.201521616878072,DemoRisk,recomputed/revised,temporal_test,-0.7270487322356266,-0.29362671051284567,early_0_36m
6445,29.0,0.7967240643393633,DemoRisk,recomputed/revised,temporal_test,-0.7270487322356266,-0.30154435990371004,early_0_36m
1222,30.0,-0.5157626135948978,DemoRisk,recomputed/revised,temporal_test,-0.6931471805599453,-0.22486444946218812,early_0_36m
3565,30.0,0.16711094250829353,DemoRisk,recomputed/revised,temporal_test,-0.6931471805599453,-0.22632972100860457,early_0_36m
3849,30.0,-1.471369512490986,DemoRisk,recomputed/revised,temporal_test,-0.6931471805599453,-0.20971150993500068,early_0_36m
6232,30.0,-0.5157626135948978,DemoRisk,recomputed/revised,temporal_test,-0.6931471805599453,-0.1893846878727684,early_0_36m
338,31.0,-0.22785317059929702,DemoRisk,recomputed/revised,temporal_test,-0.6603573577369544,-0.11360305879362315,early_0_36m
778,31.0,1.2041572519724295,DemoRisk,recomputed/revised,temporal_test,-0.6603573577369544,-0.0795077860832198,early_0_36m
1693,31.0,1.2041572519724295,DemoRisk,recomputed/revised,temporal_test,-0.6603573577369544,-0.07118060936883541,early_0_36m
3190,31.0,-0.5349955710213206,DemoRisk,recomputed/revised,temporal_test,-0.6603573577369544,-0.026756727490176477,early_0_36m
4966,31.0,-2.315320201873311,DemoRisk,recomputed/revised,temporal_test,-0.6603573577369544,-0.004113902228808375,early_0_36m
5778,31.0,0.17139077263086386,DemoRisk,recomputed/revised,temporal_test,-0.6603573577369544,0.0335864495200873,early_0_36m
342,32.0,-3.125657437068344,DemoRisk,recomputed/revised,temporal_test,-0.6286086594223742,0.10909106632350926,early_0_36m
803,32.0,0.07128620077776389,DemoRisk,recomputed/revised,temporal_test,-0.6286086594223742,0.1095773216154117,early_0_36m
1473,32.0,-0.2249587749836676,DemoRisk,recomputed/revised,temporal_test,-0.6286086594223742,0.09447979392258134,early_0_36m
1787,32.0,0.6826415165289074,DemoRisk,recomputed/revised,temporal_test,-0.6286086594223742,0.1070382308127646,early_0_36m
1789,32.0,0.80225409504935,DemoRisk,recomputed/revised,temporal_test,-0.6286086594223742,0.16148132629828515,early_0_36m
4592,32.0,1.2070516475880588,DemoRisk,recomputed/revised,temporal_test,-0.6286086594223742,0.14137689556392732,early_0_36m
5117,32.0,0.80225409504935,DemoRisk,recomputed/revised,temporal_test,-0.6286086594223742,0.1498003577683535,early_0_36m
96,33.0,-2.9694248896840216,DemoRisk,recomputed/revised,temporal_test,-0.5978370007556204,0.1400040614708608,early_0_36m
1520,33.0,0.2798670858031109,DemoRisk,recomputed/revised,temporal_test,-0.5978370007556204,0.11619444037357254,early_0_36m
2287,33.0,0.8042772168622625,DemoRisk,recomputed/revised,temporal_test,-0.5978370007556204,0.1166372659068355,early_0_36m
5856,33.0,-3.2764254134357436,DemoRisk,recomputed/revised,temporal_test,-0.5978370007556204,0.07118237577465572,early_0_36m
6299,33.0,-0.2229356531707551,DemoRisk,recomputed/revised,temporal_test,-0.5978370007556204,0.061302335158136635,early_0_36m
1356,34.0,0.8060733897551298,DemoRisk,recomputed/revised,temporal_test,-0.5679840376059393,-0.0013540019594537398,early_0_36m
3259,34.0,0.8950543136288527,DemoRisk,recomputed/revised,temporal_test,-0.5679840376059393,-0.04691729373768678,early_0_36m
3298,34.0,0.3857309892351161,DemoRisk,recomputed/revised,temporal_test,-0.5679840376059393,-0.13140405103276045,early_0_36m
3419,34.0,0.8950543136288527,DemoRisk,recomputed/revised,temporal_test,-0.5679840376059393,-0.12308991453509553,early_0_36m
3616,34.0,0.5951896807815177,DemoRisk,recomputed/revised,temporal_test,-0.5679840376059393,-0.09697795204928251,early_0_36m
4627,34.0,0.8060733897551298,DemoRisk,recomputed/revised,temporal_test,-0.5679840376059393,-0.08839064181987745,early_0_36m
812,35.0,0.6910762881013924,DemoRisk,recomputed/revised,temporal_test,-0.5389965007326869,-0.09445984162640411,early_0_36m
947,35.0,0.79514401864053,DemoRisk,recomputed/revised,temporal_test,-0.5389965007326869,-0.06044550442047169,early_0_36m
3132,35.0,1.215486419160544,DemoRisk,recomputed/revised,temporal_test,-0.5389965007326869,-0.03207645041053142,early_0_36m
3711,35.0,1.215486419160544,DemoRisk,recomputed/revised,temporal_test,-0.5389965007326869,-0.0317618882231744,early_0_36m
3729,35.0,-0.22540802561064974,DemoRisk,recomputed/revised,temporal_test,-0.5389965007326869,-0.03144732603581736,early_0_36m
4217,35.0,0.810688866621835,DemoRisk,recomputed/revised,temporal_test,-0.5389965007326869,-0.00731427969287996,early_0_36m
5061,35.0,-0.7803684556755673,DemoRisk,recomputed/revised,temporal_test,-0.5389965007326869,0.02984137789840756,early_0_36m
5066,35.0,1.215486419160544,DemoRisk,recomputed/revised,temporal_test,-0.5389965007326869,0.026175203686450637,early_0_36m
1864,36.0,1.221848962523673,DemoRisk,recomputed/revised,temporal_test,-0.5108256237659907,0.09117107590809485,early_0_36m
2587,36.0,-2.0868615049037187,DemoRisk,recomputed/revised,temporal_test,-0.5108256237659907,0.1058601971855757,early_0_36m
3096,36.0,1.221848962523673,DemoRisk,recomputed/revised,temporal_test,-0.5108256237659907,0.0818525573075345,early_0_36m
3131,36.0,1.221848962523673,DemoRisk,recomputed/revised,temporal_test,-0.5108256237659907,0.09249152636516371,early_0_36m
3457,36.0,-1.824130899651712,DemoRisk,recomputed/revised,temporal_test,-0.5108256237659907,0.045176743245983496,early_0_36m
4901,36.0,1.221848962523673,DemoRisk,recomputed/revised,temporal_test,-0.5108256237659907,0.03759595380169386,early_0_36m
5171,36.0,0.2926412789258125,DemoRisk,recomputed/revised,temporal_test,-0.5108256237659907,-0.02175574855467348,early_0_36m
5288,36.0,-0.9523235037909975,DemoRisk,recomputed/revised,temporal_test,-0.5108256237659907,-0.020156883412108,early_0_36m
5991,36.0,1.221848962523673,DemoRisk,recomputed/revised,temporal_test,-0.5108256237659907,-0.009845408838273008,early_0_36m
1876,37.0,-3.2931070027285765,DemoRisk,recomputed/revised,temporal_test,-0.4834266495778762,-0.06195437799599901,middle_37_72m
3709,37.0,0.2905852363460806,DemoRisk,recomputed/revised,temporal_test,-0.4834266495778762,-0.0036441524185997416,middle_37_72m
446,38.0,-2.7168225138735416,DemoRisk,recomputed/revised,temporal_test,-0.456758402495715,0.014760519253857499,middle_37_72m
4226,38.0,-1.5270038163505215,DemoRisk,recomputed/revised,temporal_test,-0.456758402495715,0.015059024102776531,middle_37_72m
4698,38.0,-3.107303005170685,DemoRisk,recomputed/revised,temporal_test,-0.456758402495715,-0.027282773988754346,middle_37_72m
246,39.0,1.2207450257202739,DemoRisk,recomputed/revised,temporal_test,-0.4307829160924542,-0.02081274236347105,middle_37_72m
3998,39.0,0.815947473181565,DemoRisk,recomputed/revised,temporal_test,-0.4307829160924542,-0.028687927065799822,middle_37_72m
5637,39.0,0.6050637642079529,DemoRisk,recomputed/revised,temporal_test,-0.4307829160924542,-0.05005601218414341,middle_37_72m
1558,40.0,-1.7808987026238465,DemoRisk,recomputed/revised,temporal_test,-0.40546510810816444,-0.041853769079701425,middle_37_72m
2285,40.0,1.2189685839076565,DemoRisk,recomputed/revised,temporal_test,-0.40546510810816444,-0.08068957369197083,middle_37_72m
2628,40.0,1.2189685839076565,DemoRisk,recomputed/revised,temporal_test,-0.40546510810816444,-0.0965040887167833,middle_37_72m
594,41.0,1.2201999235276382,DemoRisk,recomputed/revised,temporal_test,-0.38077249551779285,-0.10432285962592808,middle_37_72m
1589,41.0,1.2201999235276382,DemoRisk,recomputed/revised,temporal_test,-0.38077249551779285,-0.11214163053507284,middle_37_72m
2288,41.0,0.6957897924684867,DemoRisk,recomputed/revised,temporal_test,-0.38077249551779285,-0.08371971321525341,middle_37_72m
2682,41.0,-0.4203816647176476,DemoRisk,recomputed/revised,temporal_test,-0.38077249551779285,-0.09179263599918316,middle_37_72m
5580,41.0,-0.015584112178938932,DemoRisk,recomputed/revised,temporal_test,-0.38077249551779285,-0.07280476695715916,middle_37_72m
686,42.0,0.1891320462355112,DemoRisk,recomputed/revised,temporal_test,-0.35667494393873245,-0.0726356818877553,middle_37_72m
1146,42.0,0.8204313859292873,DemoRisk,recomputed/revised,temporal_test,-0.35667494393873245,-0.11236748887750934,middle_37_72m
1939,42.0,-1.4493484087637685,DemoRisk,recomputed/revised,temporal_test,-0.35667494393873245,-0.07765357507092807,middle_37_72m
3908,42.0,1.2252289384679962,DemoRisk,recomputed/revised,temporal_test,-0.35667494393873245,-0.08760549245154191,middle_37_72m
4201,42.0,-1.610799844028841,DemoRisk,recomputed/revised,temporal_test,-0.35667494393873245,-0.09548692875518643,middle_37_72m
5389,42.0,0.8204313859292873,DemoRisk,recomputed/revised,temporal_test,-0.35667494393873245,-0.07918155120428724,middle_37_72m
347,43.0,-2.2246827251253842,DemoRisk,recomputed/revised,temporal_test,-0.33314444652853825,-0.07909567288310494,middle_37_72m
348,43.0,-2.887882767413182,DemoRisk,recomputed/revised,temporal_test,-0.33314444652853825,-0.06698251897500354,middle_37_72m
1075,43.0,0.8057522890686954,DemoRisk,recomputed/revised,temporal_test,-0.33314444652853825,-0.06590831780205095,middle_37_72m
3617,43.0,-1.8532802101817638,DemoRisk,recomputed/revised,temporal_test,-0.33314444652853825,-0.06995741416662575,middle_37_72m
4153,43.0,-0.30260390898838063,DemoRisk,recomputed/revised,temporal_test,-0.33314444652853825,-0.011492307145607774,middle_37_72m
4342,43.0,0.7157026021245643,DemoRisk,recomputed/revised,temporal_test,-0.33314444652853825,-0.005149324364636704,middle_37_72m
4428,43.0,0.8212971370500004,DemoRisk,recomputed/revised,temporal_test,-0.33314444652853825,0.06222693144119315,middle_37_72m
4486,43.0,-1.264377389039222,DemoRisk,recomputed/revised,temporal_test,-0.33314444652853825,0.10834388994118802,middle_37_72m
5324,43.0,0.7157026021245643,DemoRisk,recomputed/revised,temporal_test,-0.33314444652853825,0.15255235885626883,middle_37_72m
889,44.0,0.4934198938100852,DemoRisk,recomputed/revised,temporal_test,-0.3101549283038396,0.1527927198340607,middle_37_72m
1012,44.0,-0.4945826602540053,DemoRisk,recomputed/revised,temporal_test,-0.3101549283038396,0.16097028772437624,middle_37_72m
1729,44.0,1.224387788081671,DemoRisk,recomputed/revised,temporal_test,-0.3101549283038396,0.17328283030044891,middle_37_72m
4476,44.0,-1.2895497471243473,DemoRisk,recomputed/revised,temporal_test,-0.3101549283038396,0.19867364774899457,middle_37_72m
6437,44.0,-0.011396247624906222,DemoRisk,recomputed/revised,temporal_test,-0.3101549283038396,0.18302341623225304,middle_37_72m
1442,45.0,0.8167291027941608,DemoRisk,recomputed/revised,temporal_test,-0.2876820724517809,0.1556348654491208,middle_37_72m
3283,45.0,0.8167291027941608,DemoRisk,recomputed/revised,temporal_test,-0.2876820724517809,0.148363599576048,middle_37_72m
289,46.0,1.2241097577001412,DemoRisk,recomputed/revised,temporal_test,-0.2657031657330056,0.14902954061549897,middle_37_72m
2069,46.0,0.3989698046414185,DemoRisk,recomputed/revised,temporal_test,-0.2657031657330056,0.15204978369656014,middle_37_72m
2135,46.0,0.18801286546765603,DemoRisk,recomputed/revised,temporal_test,-0.2657031657330056,0.1343249089515716,middle_37_72m
3750,46.0,1.2241097577001412,DemoRisk,recomputed/revised,temporal_test,-0.2657031657330056,0.1349533434965863,middle_37_72m
2574,47.0,-0.804473193953784,DemoRisk,recomputed/revised,temporal_test,-0.2441969605120421,0.1355296337646906,middle_37_72m
2602,47.0,-0.31645190076807383,DemoRisk,recomputed/revised,temporal_test,-0.2441969605120421,0.06149509605126614,middle_37_72m
3421,47.0,0.7143011761123671,DemoRisk,recomputed/revised,temporal_test,-0.2441969605120421,0.08643544366564572,middle_37_72m
3464,47.0,0.8198957110378032,DemoRisk,recomputed/revised,temporal_test,-0.2441969605120421,0.07929433743661599,middle_37_72m
5503,47.0,-0.992556644555854,DemoRisk,recomputed/revised,temporal_test,-0.2441969605120421,0.12950636270504823,middle_37_72m
499,48.0,1.22622875690397,DemoRisk,recomputed/revised,temporal_test,-0.2231435513142097,0.08596328267431154,middle_37_72m
565,48.0,0.9104121282389842,DemoRisk,recomputed/revised,temporal_test,-0.2231435513142097,0.15440471009493062,middle_37_72m
1329,48.0,-0.8975392439704148,DemoRisk,recomputed/revised,temporal_test,-0.2231435513142097,0.22965757699834993,middle_37_72m
5031,48.0,1.0153450479303578,DemoRisk,recomputed/revised,temporal_test,-0.2231435513142097,0.23867871002300667,middle_37_72m
34,49.0,-0.3113865446566598,DemoRisk,recomputed/revised,temporal_test,-0.2025242641114741,0.23263182483861528,middle_37_72m
49,49.0,0.6140773581756052,DemoRisk,recomputed/revised,temporal_test,-0.2025242641114741,0.2315350616488698,middle_37_72m
1474,49.0,0.719366532223781,DemoRisk,recomputed/revised,temporal_test,-0.2025242641114741,0.24241560096364445,middle_37_72m
3046,49.0,0.8249610671492171,DemoRisk,recomputed/revised,temporal_test,-0.2025242641114741,0.2391534776031689,middle_37_72m
743,50.0,-0.852671090501564,DemoRisk,recomputed/revised,temporal_test,-0.1823215567939546,0.2706393562819813,middle_37_72m
1889,50.0,1.2330034355876587,DemoRisk,recomputed/revised,temporal_test,-0.1823215567939546,0.21961386719724713,middle_37_72m
2175,50.0,1.2330034355876587,DemoRisk,recomputed/revised,temporal_test,-0.1823215567939546,0.195065313390143,middle_37_72m
3179,50.0,1.2330034355876587,DemoRisk,recomputed/revised,temporal_test,-0.1823215567939546,0.22177999414959998,middle_37_72m
5191,50.0,-0.48596701274801757,DemoRisk,recomputed/revised,temporal_test,-0.1823215567939546,0.18537826535142965,middle_37_72m
1416,51.0,0.42080677655384024,DemoRisk,recomputed/revised,temporal_test,-0.16251892949777494,0.2212850391527977,middle_37_72m
4694,51.0,-0.1778475060320905,DemoRisk,recomputed/revised,temporal_test,-0.16251892949777494,0.23852547652737036,middle_37_72m
5308,51.0,0.8493653640009271,DemoRisk,recomputed/revised,temporal_test,-0.16251892949777494,0.1905467829083097,middle_37_72m
6356,51.0,1.2541629165396362,DemoRisk,recomputed/revised,temporal_test,-0.16251892949777494,0.19948667522640476,middle_37_72m
84,52.0,0.8498221896026068,DemoRisk,recomputed/revised,temporal_test,-0.1431008436406733,0.1925511018092351,middle_37_72m
340,52.0,-1.3243502767120634,DemoRisk,recomputed/revised,temporal_test,-0.1431008436406733,0.16710111739760974,middle_37_72m
738,52.0,0.016466049616810762,DemoRisk,recomputed/revised,temporal_test,-0.1431008436406733,0.17428868640333223,middle_37_72m
1510,52.0,0.21852284990883075,DemoRisk,recomputed/revised,temporal_test,-0.1431008436406733,0.13927447724946201,middle_37_72m
2804,52.0,-2.9553300374553597,DemoRisk,recomputed/revised,temporal_test,-0.1431008436406733,0.17211504013923204,middle_37_72m
6325,52.0,-0.17739068043041076,DemoRisk,recomputed/revised,temporal_test,-0.1431008436406733,0.15104737735034574,middle_37_72m
528,53.0,0.8610325207874802,DemoRisk,recomputed/revised,temporal_test,-0.12405264866997888,0.16204525754349924,middle_37_72m
1912,53.0,0.9500134446612031,DemoRisk,recomputed/revised,temporal_test,-0.12405264866997888,0.12495302337858905,middle_37_72m
2530,53.0,-1.4002656956382837,DemoRisk,recomputed/revised,temporal_test,-0.12405264866997888,0.15728770084252128,middle_37_72m
2573,53.0,1.265830073326189,DemoRisk,recomputed/revised,temporal_test,-0.12405264866997888,0.15429492372546172,middle_37_72m
2938,53.0,0.9500134446612031,DemoRisk,recomputed/revised,temporal_test,-0.12405264866997888,0.1513470526197639,middle_37_72m
3910,53.0,1.265830073326189,DemoRisk,recomputed/revised,temporal_test,-0.12405264866997888,0.12254561813583302,middle_37_72m
4458,53.0,-2.1616713545857253,DemoRisk,recomputed/revised,temporal_test,-0.12405264866997888,0.11988558347776399,middle_37_72m
5859,53.0,-0.35853883166539846,DemoRisk,recomputed/revised,temporal_test,-0.12405264866997888,0.09147570424499736,middle_37_72m
44,54.0,1.2706101071780702,DemoRisk,recomputed/revised,temporal_test,-0.10536051565782628,0.09463688132358321,middle_37_72m
185,54.0,0.6549288456657492,DemoRisk,recomputed/revised,temporal_test,-0.10536051565782628,0.10574125278287431,middle_37_72m
1798,54.0,0.34140242358020956,DemoRisk,recomputed/revised,temporal_test,-0.10536051565782628,0.10653313531186248,middle_37_72m
1881,54.0,-1.8865973411968788,DemoRisk,recomputed/revised,temporal_test,-0.10536051565782628,0.10935007149204591,middle_37_72m
2329,54.0,-0.7585563503522261,DemoRisk,recomputed/revised,temporal_test,-0.10536051565782628,0.08424200920736358,middle_37_72m
345,55.0,0.8678660584783008,DemoRisk,recomputed/revised,temporal_test,-0.08701137698962981,0.03762657516771876,middle_37_72m
1023,55.0,-0.6321003806250165,DemoRisk,recomputed/revised,temporal_test,-0.08701137698962981,-0.03067905124177748,middle_37_72m
1689,55.0,0.5416957167454239,DemoRisk,recomputed/revised,temporal_test,-0.08701137698962981,0.004082018214534658,middle_37_72m
2414,55.0,0.8678660584783008,DemoRisk,recomputed/revised,temporal_test,-0.08701137698962981,0.0007475841113498753,middle_37_72m
3993,55.0,-1.6301842717779345,DemoRisk,recomputed/revised,temporal_test,-0.08701137698962981,0.021225086759114147,middle_37_72m
4035,55.0,1.2726636110170098,DemoRisk,recomputed/revised,temporal_test,-0.08701137698962981,0.029803168436035213,middle_37_72m
663,56.0,0.8703955134244876,DemoRisk,recomputed/revised,temporal_test,-0.06899287148695143,-0.010451535742493365,middle_37_72m
1178,56.0,-0.8989794003514738,DemoRisk,recomputed/revised,temporal_test,-0.06899287148695143,-0.0712640821926413,middle_37_72m
1560,56.0,0.5545788847595016,DemoRisk,recomputed/revised,temporal_test,-0.06899287148695143,-0.020084403012686856,middle_37_72m
2275,56.0,-0.5616149091472391,DemoRisk,recomputed/revised,temporal_test,-0.06899287148695143,-0.009478046807129806,middle_37_72m
2631,56.0,0.8703955134244876,DemoRisk,recomputed/revised,temporal_test,-0.06899287148695143,-0.06131476758170088,middle_37_72m
2959,56.0,-1.3909027030012762,DemoRisk,recomputed/revised,temporal_test,-0.06899287148695143,0.014152932829164301,middle_37_72m
3185,56.0,1.2751930659631965,DemoRisk,recomputed/revised,temporal_test,-0.06899287148695143,0.030775324783380534,middle_37_72m
4389,56.0,-1.0718082313726167,DemoRisk,recomputed/revised,temporal_test,-0.06899287148695143,0.017079682988080505,middle_37_72m
636,57.0,0.6565119061046892,DemoRisk,recomputed/revised,temporal_test,-0.05129329438755058,0.023909227917026984,middle_37_72m
788,57.0,1.0735971239339333,DemoRisk,recomputed/revised,temporal_test,-0.05129329438755058,0.019919630317796776,middle_37_72m
1039,57.0,0.7600707018483941,DemoRisk,recomputed/revised,temporal_test,-0.05129329438755058,-0.015443611620256271,middle_37_72m
4156,57.0,-2.3664124026508877,DemoRisk,recomputed/revised,temporal_test,-0.05129329438755058,-0.09101717339585623,middle_37_72m
6027,57.0,0.8796832803688368,DemoRisk,recomputed/revised,temporal_test,-0.05129329438755058,-0.12433621893737895,middle_37_72m
928,58.0,-1.7602903855277576,DemoRisk,recomputed/revised,temporal_test,-0.03390155167568134,-0.10879101146568795,middle_37_72m
3999,58.0,0.7752973891834826,DemoRisk,recomputed/revised,temporal_test,-0.03390155167568134,-0.1301274720631107,middle_37_72m
4405,58.0,1.2856894766476277,DemoRisk,recomputed/revised,temporal_test,-0.03390155167568134,-0.17377838872784707,middle_37_72m
4450,58.0,0.8653470761276136,DemoRisk,recomputed/revised,temporal_test,-0.03390155167568134,-0.2008055206787052,middle_37_72m
152,59.0,-0.7090073453122099,DemoRisk,recomputed/revised,temporal_test,-0.01680711831638129,-0.22452833080012868,middle_37_72m
485,59.0,-0.04750774093113994,DemoRisk,recomputed/revised,temporal_test,-0.01680711831638129,-0.1618256584311866,middle_37_72m
643,59.0,-1.144383700434227,DemoRisk,recomputed/revised,temporal_test,-0.01680711831638129,-0.12124143686312008,middle_37_72m
1564,59.0,-2.2505835112966497,DemoRisk,recomputed/revised,temporal_test,-0.01680711831638129,-0.1307676092642376,middle_37_72m
1683,59.0,1.2868475295239015,DemoRisk,recomputed/revised,temporal_test,-0.01680711831638129,-0.134305426335418,middle_37_72m
1765,59.0,0.25075063729141633,DemoRisk,recomputed/revised,temporal_test,-0.01680711831638129,-0.14548850653406328,middle_37_72m
3027,59.0,0.8665051290038874,DemoRisk,recomputed/revised,temporal_test,-0.01680711831638129,-0.13666239205340464,middle_37_72m
3601,59.0,1.2868475295239015,DemoRisk,recomputed/revised,temporal_test,-0.01680711831638129,-0.10113622426979775,middle_37_72m
3862,59.0,-0.7988269965653213,DemoRisk,recomputed/revised,temporal_test,-0.01680711831638129,-0.12252864242334667,middle_37_72m
1775,60.0,-2.2516176793549376,DemoRisk,recomputed/revised,temporal_test,0.0,-0.1216893320110193,middle_37_72m
4062,60.0,1.2858133614656129,DemoRisk,recomputed/revised,temporal_test,0.0,-0.09455950539616495,middle_37_72m
4289,61.0,0.5573902161002203,DemoRisk,recomputed/revised,temporal_test,0.016529301951210506,-0.11872491446682613,middle_37_72m
4539,61.0,-2.4251499095942943,DemoRisk,recomputed/revised,temporal_test,0.016529301951210506,-0.08189280145071845,middle_37_72m
162,62.0,0.8935226834987647,DemoRisk,recomputed/revised,temporal_test,0.03278982282299097,-0.08107653108383499,middle_37_72m
1636,62.0,0.6703513092346172,DemoRisk,recomputed/revised,temporal_test,0.03278982282299097,-0.035660568933669125,middle_37_72m
3188,62.0,0.1625547892271786,DemoRisk,recomputed/revised,temporal_test,0.03278982282299097,-0.03458378749773392,middle_37_72m
4268,62.0,1.2983202360374735,DemoRisk,recomputed/revised,temporal_test,0.03278982282299097,0.01251262721929566,middle_37_72m
217,63.0,-1.6037351731990246,DemoRisk,recomputed/revised,temporal_test,0.04879016416943204,0.017783204877187698,middle_37_72m
2539,63.0,-0.5376952655145162,DemoRisk,recomputed/revised,temporal_test,0.04879016416943204,0.004477891637893881,middle_37_72m
866,64.0,-2.904238205894395,DemoRisk,recomputed/revised,temporal_test,0.06453852113757116,-0.006457646885215235,middle_37_72m
1104,64.0,-0.43344124929146943,DemoRisk,recomputed/revised,temporal_test,0.06453852113757116,0.05206204077013572,middle_37_72m
2049,64.0,-1.368865773529484,DemoRisk,recomputed/revised,temporal_test,0.06453852113757116,0.013391282704424773,middle_37_72m
2060,64.0,-1.446698322133959,DemoRisk,recomputed/revised,temporal_test,0.06453852113757116,0.047883751557342646,middle_37_72m
2217,64.0,-0.9555866427234833,DemoRisk,recomputed/revised,temporal_test,0.06453852113757116,0.011799579673688994,middle_37_72m
2903,64.0,-0.7234548838280156,DemoRisk,recomputed/revised,temporal_test,0.06453852113757116,0.0024967844341828643,middle_37_72m
3342,64.0,-0.8684608926123898,DemoRisk,recomputed/revised,temporal_test,0.06453852113757116,-0.008693600035966692,middle_37_72m
110,65.0,1.3112389496191672,DemoRisk,recomputed/revised,temporal_test,0.08004270767353636,0.02101878378041624,middle_37_72m
438,65.0,1.3112389496191672,DemoRisk,recomputed/revised,temporal_test,0.08004270767353636,0.027792815583789682,middle_37_72m
548,65.0,0.3820312660213069,DemoRisk,recomputed/revised,temporal_test,0.08004270767353636,0.07632454226647005,middle_37_72m
3222,65.0,-0.8125290512552176,DemoRisk,recomputed/revised,temporal_test,0.08004270767353636,0.1424114866332447,middle_37_72m
3478,65.0,-0.028641373385484874,DemoRisk,recomputed/revised,temporal_test,0.08004270767353636,0.1353348058159871,middle_37_72m
350,66.0,1.3179978969918926,DemoRisk,recomputed/revised,temporal_test,0.09531017980432493,0.14857375033662132,middle_37_72m
444,66.0,0.18165028518601561,DemoRisk,recomputed/revised,temporal_test,0.09531017980432493,0.09890417033838979,middle_37_72m
854,66.0,0.18165028518601561,DemoRisk,recomputed/revised,temporal_test,0.09531017980432493,0.08147855339007087,middle_37_72m
1288,66.0,0.9132003444531839,DemoRisk,recomputed/revised,temporal_test,0.09531017980432493,0.07894429095409318,middle_37_72m
2232,66.0,0.48464175700609685,DemoRisk,recomputed/revised,temporal_test,0.09531017980432493,0.14923530105175042,middle_37_72m
3508,66.0,-0.6778569778442186,DemoRisk,recomputed/revised,temporal_test,0.09531017980432493,0.09182467578085189,middle_37_72m
2092,67.0,1.316822854674253,DemoRisk,recomputed/revised,temporal_test,0.11034805716886541,0.10703709969311387,middle_37_72m
2939,67.0,0.9120253021355441,DemoRisk,recomputed/revised,temporal_test,0.11034805716886541,0.1810060822112916,middle_37_72m
2036,68.0,0.925311366657183,DemoRisk,recomputed/revised,temporal_test,0.125163142954006,0.17557034929094692,middle_37_72m
2611,68.0,1.330108919195892,DemoRisk,recomputed/revised,temporal_test,0.125163142954006,0.18090602256662228,middle_37_72m
3824,68.0,1.330108919195892,DemoRisk,recomputed/revised,temporal_test,0.125163142954006,0.18388537414042672,middle_37_72m
4510,68.0,0.925311366657183,DemoRisk,recomputed/revised,temporal_test,0.125163142954006,0.17690793120428136,middle_37_72m
4564,68.0,0.3950261487299487,DemoRisk,recomputed/revised,temporal_test,0.125163142954006,0.17130209064626467,middle_37_72m
116,69.0,0.20235823716982917,DemoRisk,recomputed/revised,temporal_test,0.13976194237515863,0.16242280848039314,middle_37_72m
695,69.0,0.6180916677720113,DemoRisk,recomputed/revised,temporal_test,0.13976194237515863,0.23183627252063915,middle_37_72m
744,69.0,-1.092525380982422,DemoRisk,recomputed/revised,temporal_test,0.13976194237515863,0.24078866658599143,middle_37_72m
1715,69.0,-0.0011744740289459943,DemoRisk,recomputed/revised,temporal_test,0.13976194237515863,0.2661020489350981,middle_37_72m
791,70.0,-1.0649953768828535,DemoRisk,recomputed/revised,temporal_test,0.15415067982725836,0.2623734647517374,middle_37_72m
1650,70.0,0.811246919432815,DemoRisk,recomputed/revised,temporal_test,0.15415067982725836,0.3078361669825145,middle_37_72m
1004,71.0,0.29463746814998626,DemoRisk,recomputed/revised,temporal_test,0.16833531481921474,0.29479042590407606,middle_37_72m
1530,71.0,0.8063242293233197,DemoRisk,recomputed/revised,temporal_test,0.16833531481921474,0.3386381873286071,middle_37_72m
2677,71.0,0.29796788104090555,DemoRisk,recomputed/revised,temporal_test,0.16833531481921474,0.331504728307029,middle_37_72m
3449,71.0,1.3307343603824713,DemoRisk,recomputed/revised,temporal_test,0.16833531481921474,0.2899824444659478,middle_37_72m
3670,71.0,1.1198506514088589,DemoRisk,recomputed/revised,temporal_test,0.16833531481921474,0.29109099329770316,middle_37_72m
3677,71.0,0.9259368078437624,DemoRisk,recomputed/revised,temporal_test,0.16833531481921474,0.275501809539235,middle_37_72m
4589,71.0,0.9259368078437624,DemoRisk,recomputed/revised,temporal_test,0.16833531481921474,0.27304831776616517,middle_37_72m
57,72.0,-1.6666434509059218,DemoRisk,recomputed/revised,temporal_test,0.1823215567939546,0.2518832910204254,middle_37_72m
816,72.0,0.3981410651596375,DemoRisk,recomputed/revised,temporal_test,0.1823215567939546,0.2361465064075415,middle_37_72m
876,72.0,-0.9280743808001831,DemoRisk,recomputed/revised,temporal_test,0.1823215567939546,0.19188182885587354,middle_37_72m
2446,72.0,1.3332238356255808,DemoRisk,recomputed/revised,temporal_test,0.1823215567939546,0.1886352257914055,middle_37_72m
3183,72.0,-1.6421285273502115,DemoRisk,recomputed/revised,temporal_test,0.1823215567939546,0.13205007551560144,middle_37_72m
4198,72.0,1.3332238356255808,DemoRisk,recomputed/revised,temporal_test,0.1823215567939546,0.1620312394715472,middle_37_72m
261,73.0,1.3472681988327706,DemoRisk,recomputed/revised,temporal_test,0.19611487892629037,0.10280368575632057,late_73m_plus
309,73.0,0.6163003045611848,DemoRisk,recomputed/revised,temporal_test,0.19611487892629037,0.10395603203659343,late_73m_plus
1527,73.0,0.9424706462940617,DemoRisk,recomputed/revised,temporal_test,0.19611487892629037,0.09885179803379965,late_73m_plus
2024,73.0,0.3145017194912049,DemoRisk,recomputed/revised,temporal_test,0.19611487892629037,0.09200284003348191,late_73m_plus
4604,73.0,0.9424706462940617,DemoRisk,recomputed/revised,temporal_test,0.19611487892629037,0.09309108894568786,late_73m_plus
213,74.0,-1.889633041657877,DemoRisk,recomputed/revised,temporal_test,0.2097205309820691,0.06304688615306552,late_73m_plus
1612,74.0,-0.9905386559739653,DemoRisk,recomputed/revised,temporal_test,0.2097205309820691,0.0745976351295537,late_73m_plus
2200,74.0,0.6358484601581531,DemoRisk,recomputed/revised,temporal_test,0.2097205309820691,0.0855502769941982,late_73m_plus
371,75.0,0.023130848041495924,DemoRisk,recomputed/revised,temporal_test,0.22314355131420976,0.08448518441064566,late_73m_plus
551,75.0,-0.07788327372504551,DemoRisk,recomputed/revised,temporal_test,0.22314355131420976,0.12535407810359545,late_73m_plus
1035,75.0,-1.6368561154853545,DemoRisk,recomputed/revised,temporal_test,0.22314355131420976,0.14275345332833125,late_73m_plus
1810,75.0,1.363011171046148,DemoRisk,recomputed/revised,temporal_test,0.22314355131420976,0.19092744056345012,late_73m_plus
3047,75.0,-1.3887876788283742,DemoRisk,recomputed/revised,temporal_test,0.22314355131420976,0.13002561883771463,late_73m_plus
916,76.0,1.3677749400386947,DemoRisk,recomputed/revised,temporal_test,0.23638877806423034,0.15154013852317,late_73m_plus
1248,76.0,0.9474325395186809,DemoRisk,recomputed/revised,temporal_test,0.23638877806423034,0.11074519683337426,late_73m_plus
1349,76.0,-0.8063975262759757,DemoRisk,recomputed/revised,temporal_test,0.23638877806423034,0.13229042079212874,late_73m_plus
1464,76.0,0.4385672564408342,DemoRisk,recomputed/revised,temporal_test,0.23638877806423034,0.12564811471401513,late_73m_plus
2616,76.0,-1.6075774229370978,DemoRisk,recomputed/revised,temporal_test,0.23638877806423034,0.13123861765217104,late_73m_plus
60,77.0,-0.15376945381204474,DemoRisk,recomputed/revised,temporal_test,0.24946085963158324,0.11835002709540969,late_73m_plus
2230,77.0,0.23858153295916812,DemoRisk,recomputed/revised,temporal_test,0.24946085963158324,0.10742713692244034,late_73m_plus
2241,77.0,-0.6209257300710661,DemoRisk,recomputed/revised,temporal_test,0.24946085963158324,0.10153860455150539,late_73m_plus
4256,77.0,-2.0758482699490486,DemoRisk,recomputed/revised,temporal_test,0.24946085963158324,0.10510123413082822,late_73m_plus
267,78.0,0.7476235881653109,DemoRisk,recomputed/revised,temporal_test,0.26236426446749106,0.10406815207723291,late_73m_plus
336,78.0,-2.401200907059907,DemoRisk,recomputed/revised,temporal_test,0.26236426446749106,0.08348617981075876,late_73m_plus
1595,78.0,0.8511823839090159,DemoRisk,recomputed/revised,temporal_test,0.26236426446749106,0.06705251415753509,late_73m_plus
2045,78.0,-1.703782384802306,DemoRisk,recomputed/revised,temporal_test,0.26236426446749106,-0.004062015131688553,late_73m_plus
3624,78.0,0.9707949624294585,DemoRisk,recomputed/revised,temporal_test,0.26236426446749106,-0.018679737915283722,late_73m_plus
15,79.0,0.6649954325147007,DemoRisk,recomputed/revised,temporal_test,0.2751032902449208,-0.01072274903629851,late_73m_plus
1554,79.0,0.9808120611796868,DemoRisk,recomputed/revised,temporal_test,0.2751032902449208,-0.01559451419052933,late_73m_plus
4053,79.0,1.3856096137183957,DemoRisk,recomputed/revised,temporal_test,0.2751032902449208,0.005976526694584002,late_73m_plus
375,80.0,-0.6069429757665565,DemoRisk,recomputed/revised,temporal_test,0.28768207245178085,0.0028621541647379524,late_73m_plus
894,80.0,0.984114346530846,DemoRisk,recomputed/revised,temporal_test,0.28768207245178085,0.059476150480409586,late_73m_plus
1679,80.0,0.7609429722666984,DemoRisk,recomputed/revised,temporal_test,0.28768207245178085,0.06376721935569155,late_73m_plus
2115,80.0,0.5637719460108322,DemoRisk,recomputed/revised,temporal_test,0.28768207245178085,0.03603014280757582,late_73m_plus
157,81.0,0.9917881973580166,DemoRisk,recomputed/revised,temporal_test,0.30010459245033816,0.040656644036429705,late_73m_plus
1302,81.0,0.8861936624325802,DemoRisk,recomputed/revised,temporal_test,0.30010459245033816,0.06161479086333605,late_73m_plus
299,82.0,1.39187797210821,DemoRisk,recomputed/revised,temporal_test,0.31237468504215243,0.12138304048005266,late_73m_plus
370,82.0,-2.294745988579696,DemoRisk,recomputed/revised,temporal_test,0.31237468504215243,0.10002706194286365,late_73m_plus
1417,82.0,1.39187797210821,DemoRisk,recomputed/revised,temporal_test,0.31237468504215243,0.128583777839247,late_73m_plus
4528,82.0,-1.2742177968562627,DemoRisk,recomputed/revised,temporal_test,0.31237468504215243,0.1050230156156577,late_73m_plus
701,83.0,1.3967743029373854,DemoRisk,recomputed/revised,temporal_test,0.32449604557449724,0.09020314673067018,late_73m_plus
2144,83.0,0.9919767503986764,DemoRisk,recomputed/revised,temporal_test,0.32449604557449724,0.12986818750308704,late_73m_plus
204,84.0,1.4049663012548101,DemoRisk,recomputed/revised,temporal_test,0.3364722366212129,0.12298496559417346,late_73m_plus
563,84.0,0.2686186894489331,DemoRisk,recomputed/revised,temporal_test,0.3364722366212129,0.14844387530371836,late_73m_plus
1207,84.0,0.3688694090223251,DemoRisk,recomputed/revised,temporal_test,0.3364722366212129,0.1672190251733468,late_73m_plus
269,85.0,-1.9669586018236036,DemoRisk,recomputed/revised,temporal_test,0.3483066942682158,0.18213119218456533,late_73m_plus
1325,85.0,0.5798351737051021,DemoRisk,recomputed/revised,temporal_test,0.3483066942682158,0.1726058164091357,late_73m_plus
231,86.0,-0.9807615655335442,DemoRisk,recomputed/revised,temporal_test,0.36000273403140703,0.1817583324226986,late_73m_plus
646,86.0,0.28354325003539876,DemoRisk,recomputed/revised,temporal_test,0.36000273403140703,0.17881728642734257,late_73m_plus
684,86.0,-2.480245475664619,DemoRisk,recomputed/revised,temporal_test,0.36000273403140703,0.2179675050205597,late_73m_plus
1091,86.0,-2.293617158124825,DemoRisk,recomputed/revised,temporal_test,0.36000273403140703,0.20530320744279057,late_73m_plus
73,87.0,0.6017643368694169,DemoRisk,recomputed/revised,temporal_test,0.371563556432483,0.24426413789677212,late_73m_plus
1344,87.0,1.0221067373894306,DemoRisk,recomputed/revised,temporal_test,0.371563556432483,0.22912807905234114,late_73m_plus
1438,88.0,0.6940106234282899,DemoRisk,recomputed/revised,temporal_test,0.3829922522561057,0.2198543055744186,late_73m_plus
1459,88.0,1.414624804631985,DemoRisk,recomputed/revised,temporal_test,0.3829922522561057,0.20331174566995625,late_73m_plus
304,89.0,0.7836376472719132,DemoRisk,recomputed/revised,temporal_test,0.39429180751003917,0.17703845971332427,late_73m_plus
735,90.0,0.9976807704413763,DemoRisk,recomputed/revised,temporal_test,0.4054651081081644,0.1948562196105943,late_73m_plus
1359,90.0,-0.7716941433345852,DemoRisk,recomputed/revised,temporal_test,0.4054651081081644,0.17650137944965819,late_73m_plus
294,91.0,-0.778742443795749,DemoRisk,recomputed/revised,temporal_test,0.41651494429474933,0.16258610343020485,late_73m_plus
386,91.0,0.25908241071304444,DemoRisk,recomputed/revised,temporal_test,0.41651494429474933,0.15280108287945784,late_73m_plus
405,92.0,0.9909822144471782,DemoRisk,recomputed/revised,temporal_test,0.42744401482693967,0.13182640501749388,late_73m_plus
1588,92.0,1.4113246149671923,DemoRisk,recomputed/revised,temporal_test,0.42744401482693967,0.11248365482736347,late_73m_plus
1666,93.0,0.2738562656495087,DemoRisk,recomputed/revised,temporal_test,0.4382549309311553,0.07881538331997277,late_73m_plus
253,94.0,0.06760483188717638,DemoRisk,recomputed/revised,temporal_test,0.4489502200479032,0.14296569066861245,late_73m_plus
480,94.0,0.16617606663564047,DemoRisk,recomputed/revised,temporal_test,0.4489502200479032,0.10827368285084588,late_73m_plus
112,95.0,0.19161922638431772,DemoRisk,recomputed/revised,temporal_test,0.45953232937844013,0.1477734394139061,late_73m_plus
739,95.0,1.2165195531172825,DemoRisk,recomputed/revised,temporal_test,0.45953232937844013,0.11103811989850966,late_73m_plus
2051,95.0,0.0875229390862427,DemoRisk,recomputed/revised,temporal_test,0.45953232937844013,0.0843430098833531,late_73m_plus
907,96.0,-0.3091730277503071,DemoRisk,recomputed/revised,temporal_test,0.47000362924573563,0.04307353202799506,late_73m_plus
1376,97.0,0.8037631895390055,DemoRisk,recomputed/revised,temporal_test,0.4803664162812822,0.035797881788609966,late_73m_plus
1571,97.0,0.9991020505313125,DemoRisk,recomputed/revised,temporal_test,0.4803664162812822,0.024695497547486126,late_73m_plus
637,99.0,-1.1067198946179782,DemoRisk,recomputed/revised,temporal_test,0.5007752879124892,0.09337322511200646,late_73m_plus
2093,100.0,-1.6090699532573411,DemoRisk,recomputed/revised,temporal_test,0.5108256237659907,0.07599958409082448,late_73m_plus
752,102.0,0.5976302424021539,DemoRisk,recomputed/revised,temporal_test,0.5306282510621704,0.11513888592876406,late_73m_plus
799,105.0,-0.4045397588058323,DemoRisk,recomputed/revised,temporal_test,0.5596157879354227,0.1086617950015858,late_73m_plus
6112,1.0,-0.23269175380474866,PhysioRisk,recomputed/revised,temporal_test,-4.0943445622221,0.0677908109231627,early_0_36m
1893,2.0,-0.057066047859815325,PhysioRisk,recomputed/revised,temporal_test,-3.4011973816621555,0.05555670599729463,early_0_36m
18,3.0,-0.08383831041454726,PhysioRisk,recomputed/revised,temporal_test,-2.995732273553991,0.05924684989592607,early_0_36m
174,3.0,1.1378723262693697,PhysioRisk,recomputed/revised,temporal_test,-2.995732273553991,0.05996798060817825,early_0_36m
761,3.0,0.11307854469807356,PhysioRisk,recomputed/revised,temporal_test,-2.995732273553991,0.06030085185829559,early_0_36m
2891,3.0,0.06302628976837701,PhysioRisk,recomputed/revised,temporal_test,-2.995732273553991,0.0636527566224863,early_0_36m
5384,3.0,0.060539169054502,PhysioRisk,recomputed/revised,temporal_test,-2.995732273553991,0.06224738988109482,early_0_36m
2012,4.0,0.042987466053339515,PhysioRisk,recomputed/revised,temporal_test,-2.70805020110221,0.05050989105327226,early_0_36m
4560,5.0,-0.11806585607230743,PhysioRisk,recomputed/revised,temporal_test,-2.4849066497880004,0.05127046341282826,early_0_36m
5626,5.0,-0.0170444821145862,PhysioRisk,recomputed/revised,temporal_test,-2.4849066497880004,0.04443614158750064,early_0_36m
282,6.0,0.17030626455993242,PhysioRisk,recomputed/revised,temporal_test,-2.3025850929940455,0.036801456529437955,early_0_36m
2757,6.0,-0.3714444974224111,PhysioRisk,recomputed/revised,temporal_test,-2.3025850929940455,0.029027354039866136,early_0_36m
4659,6.0,0.2701397494525192,PhysioRisk,recomputed/revised,temporal_test,-2.3025850929940455,0.023768374985898403,early_0_36m
4640,7.0,0.8192839220428476,PhysioRisk,recomputed/revised,temporal_test,-2.1484344131667874,0.027124854282476303,early_0_36m
6023,7.0,-0.01347221657212002,PhysioRisk,recomputed/revised,temporal_test,-2.1484344131667874,0.024215859477544795,early_0_36m
5,8.0,-0.25366131027055616,PhysioRisk,recomputed/revised,temporal_test,-2.0149030205422647,0.01838992489947342,early_0_36m
418,8.0,-0.15482644412047908,PhysioRisk,recomputed/revised,temporal_test,-2.0149030205422647,0.012801530433989421,early_0_36m
452,8.0,-0.35934058662452184,PhysioRisk,recomputed/revised,temporal_test,-2.0149030205422647,0.010025997950060962,early_0_36m
1836,8.0,0.03775480799347332,PhysioRisk,recomputed/revised,temporal_test,-2.0149030205422647,0.007928497599955793,early_0_36m
2597,8.0,0.12703398255346046,PhysioRisk,recomputed/revised,temporal_test,-2.0149030205422647,0.0034274311707619756,early_0_36m
3223,8.0,0.19444621439818846,PhysioRisk,recomputed/revised,temporal_test,-2.0149030205422647,0.0039249375367723235,early_0_36m
3407,8.0,-0.10400060743221332,PhysioRisk,recomputed/revised,temporal_test,-2.0149030205422647,0.00199000468931418,early_0_36m
4952,8.0,0.18134003164414356,PhysioRisk,recomputed/revised,temporal_test,-2.0149030205422647,0.0009446514600833846,early_0_36m
258,9.0,-0.16834705708304853,PhysioRisk,recomputed/revised,temporal_test,-1.8971199848858813,0.003065920389861165,early_0_36m
380,9.0,0.6458862021799489,PhysioRisk,recomputed/revised,temporal_test,-1.8971199848858813,0.011473384549587622,early_0_36m
1956,9.0,-0.1673347168745905,PhysioRisk,recomputed/revised,temporal_test,-1.8971199848858813,0.006376914874723924,early_0_36m
2252,9.0,-0.26253002207527526,PhysioRisk,recomputed/revised,temporal_test,-1.8971199848858813,0.006758840600778251,early_0_36m
4709,9.0,0.15888073515897497,PhysioRisk,recomputed/revised,temporal_test,-1.8971199848858813,0.007762939039491174,early_0_36m
1271,10.0,0.08015964055123916,PhysioRisk,recomputed/revised,temporal_test,-1.791759469228055,0.006884627486688976,early_0_36m
1561,10.0,0.06995411811169862,PhysioRisk,recomputed/revised,temporal_test,-1.791759469228055,-0.011022747553025658,early_0_36m
1971,10.0,0.16420989954820753,PhysioRisk,recomputed/revised,temporal_test,-1.791759469228055,-0.011988513530264595,early_0_36m
2410,10.0,0.01868102089795898,PhysioRisk,recomputed/revised,temporal_test,-1.791759469228055,-0.010550702703887499,early_0_36m
3365,10.0,-0.3250900714370496,PhysioRisk,recomputed/revised,temporal_test,-1.791759469228055,-0.01562591544665597,early_0_36m
4727,10.0,0.0763693512781762,PhysioRisk,recomputed/revised,temporal_test,-1.791759469228055,-0.018938126711383254,early_0_36m
6645,10.0,-0.18793080047363867,PhysioRisk,recomputed/revised,temporal_test,-1.791759469228055,-0.015943069944785632,early_0_36m
579,11.0,-0.23041252050275574,PhysioRisk,recomputed/revised,temporal_test,-1.6964492894237302,-0.017929358581252403,early_0_36m
4979,11.0,-0.2508403355847195,PhysioRisk,recomputed/revised,temporal_test,-1.6964492894237302,-0.01926707982173309,early_0_36m
6061,11.0,-0.17081385001090763,PhysioRisk,recomputed/revised,temporal_test,-1.6964492894237302,-0.006488375030072727,early_0_36m
1223,12.0,0.1546710675524366,PhysioRisk,recomputed/revised,temporal_test,-1.6094379124341003,-0.006607563465597648,early_0_36m
2931,12.0,-0.08923493791478423,PhysioRisk,recomputed/revised,temporal_test,-1.6094379124341003,-0.024325230359501897,early_0_36m
1414,13.0,-0.21464745822338144,PhysioRisk,recomputed/revised,temporal_test,-1.529395204760564,-0.022222736015713975,early_0_36m
5159,13.0,-0.21632264265085452,PhysioRisk,recomputed/revised,temporal_test,-1.529395204760564,-0.016562451741784546,early_0_36m
6530,13.0,-0.10654636637493436,PhysioRisk,recomputed/revised,temporal_test,-1.529395204760564,-0.01307965426124568,early_0_36m
6582,13.0,-0.08226401745456648,PhysioRisk,recomputed/revised,temporal_test,-1.529395204760564,-0.005827565847569021,early_0_36m
75,14.0,-0.19461949171376597,PhysioRisk,recomputed/revised,temporal_test,-1.455287232606842,-0.009279932668267866,early_0_36m
2955,14.0,0.026312724007238004,PhysioRisk,recomputed/revised,temporal_test,-1.455287232606842,-0.011035539768322437,early_0_36m
5025,14.0,-0.08701690629376044,PhysioRisk,recomputed/revised,temporal_test,-1.455287232606842,-0.020532018127060972,early_0_36m
158,15.0,-0.04818695031376399,PhysioRisk,recomputed/revised,temporal_test,-1.3862943611198906,-0.023139768253725858,early_0_36m
3450,15.0,0.10488682901919459,PhysioRisk,recomputed/revised,temporal_test,-1.3862943611198906,-0.02690297367918542,early_0_36m
3654,15.0,0.423439128376184,PhysioRisk,recomputed/revised,temporal_test,-1.3862943611198906,-0.030302209138815418,early_0_36m
4257,15.0,-0.24844656886846092,PhysioRisk,recomputed/revised,temporal_test,-1.3862943611198906,-0.04274472587774649,early_0_36m
6709,15.0,-0.21321354177597795,PhysioRisk,recomputed/revised,temporal_test,-1.3862943611198906,-0.03398370009059454,early_0_36m
2342,16.0,-0.0058570274854563495,PhysioRisk,recomputed/revised,temporal_test,-1.3217558399823195,-0.012195861425169518,early_0_36m
2488,16.0,-0.12863219960745934,PhysioRisk,recomputed/revised,temporal_test,-1.3217558399823195,-0.019376021472098135,early_0_36m
3401,16.0,0.22459619924392335,PhysioRisk,recomputed/revised,temporal_test,-1.3217558399823195,-0.024150652031542548,early_0_36m
4249,16.0,0.06382447985888774,PhysioRisk,recomputed/revised,temporal_test,-1.3217558399823195,-0.03281241337889392,early_0_36m
5631,16.0,0.13635464191360894,PhysioRisk,recomputed/revised,temporal_test,-1.3217558399823195,-0.03906708136655519,early_0_36m
6051,16.0,-0.19829668082668994,PhysioRisk,recomputed/revised,temporal_test,-1.3217558399823195,-0.04280486878098327,early_0_36m
6098,16.0,-0.12593530844775194,PhysioRisk,recomputed/revised,temporal_test,-1.3217558399823195,-0.036939880737934805,early_0_36m
62,17.0,0.034682039024171205,PhysioRisk,recomputed/revised,temporal_test,-1.2611312181658847,-0.0405740286319738,early_0_36m
2944,17.0,-0.11834520257439163,PhysioRisk,recomputed/revised,temporal_test,-1.2611312181658847,-0.04108558952363616,early_0_36m
5801,17.0,0.10208248129541753,PhysioRisk,recomputed/revised,temporal_test,-1.2611312181658847,-0.037546666184772926,early_0_36m
5923,17.0,0.2802694469522674,PhysioRisk,recomputed/revised,temporal_test,-1.2611312181658847,-0.03620540996695467,early_0_36m
6045,17.0,0.26406113924074814,PhysioRisk,recomputed/revised,temporal_test,-1.2611312181658847,-0.02553187914710188,early_0_36m
2523,18.0,-0.08431708954626907,PhysioRisk,recomputed/revised,temporal_test,-1.2039728043259361,-0.03180869213199225,early_0_36m
2957,18.0,0.09375499496106404,PhysioRisk,recomputed/revised,temporal_test,-1.2039728043259361,-0.035489565679732805,early_0_36m
6066,18.0,0.035013187699844725,PhysioRisk,recomputed/revised,temporal_test,-1.2039728043259361,-0.032582669829523826,early_0_36m
6716,18.0,0.022796227387003074,PhysioRisk,recomputed/revised,temporal_test,-1.2039728043259361,-0.03193452944868431,early_0_36m
2596,19.0,0.010515922472987726,PhysioRisk,recomputed/revised,temporal_test,-1.1499055830556604,-0.028195108616085342,early_0_36m
2655,19.0,-0.13831589986216772,PhysioRisk,recomputed/revised,temporal_test,-1.1499055830556604,-0.02639752353571485,early_0_36m
2694,19.0,0.03749802045067743,PhysioRisk,recomputed/revised,temporal_test,-1.1499055830556604,-0.03150469127411926,early_0_36m
3801,19.0,-0.28987418189747693,PhysioRisk,recomputed/revised,temporal_test,-1.1499055830556604,-0.030335904148106246,early_0_36m
3928,19.0,-0.23699586389212246,PhysioRisk,recomputed/revised,temporal_test,-1.1499055830556604,-0.032970723022850416,early_0_36m
4181,19.0,-0.010583445054294092,PhysioRisk,recomputed/revised,temporal_test,-1.1499055830556604,-0.03744222071057768,early_0_36m
4955,19.0,-0.34170806552417854,PhysioRisk,recomputed/revised,temporal_test,-1.1499055830556604,-0.04400697633938331,early_0_36m
6320,19.0,0.011317848494464235,PhysioRisk,recomputed/revised,temporal_test,-1.1499055830556604,-0.05854461657169887,early_0_36m
6473,19.0,0.2794775982701589,PhysioRisk,recomputed/revised,temporal_test,-1.1499055830556604,-0.05772785503604671,early_0_36m
1099,20.0,0.8486497498614008,PhysioRisk,recomputed/revised,temporal_test,-1.0986122886681098,-0.055224131163767926,early_0_36m
4851,20.0,-0.20730742723438456,PhysioRisk,recomputed/revised,temporal_test,-1.0986122886681098,-0.05829303527355327,early_0_36m
5297,20.0,-0.1633465179804258,PhysioRisk,recomputed/revised,temporal_test,-1.0986122886681098,-0.06397128199003667,early_0_36m
1240,21.0,-0.3717957106032212,PhysioRisk,recomputed/revised,temporal_test,-1.0498221244986778,-0.07164000831775831,early_0_36m
1857,21.0,-0.1547781678225176,PhysioRisk,recomputed/revised,temporal_test,-1.0498221244986778,-0.07010688843325108,early_0_36m
1934,21.0,-0.17194613723787283,PhysioRisk,recomputed/revised,temporal_test,-1.0498221244986778,-0.07492369734130935,early_0_36m
3528,21.0,-0.025975681241578084,PhysioRisk,recomputed/revised,temporal_test,-1.0498221244986778,-0.07044729091441304,early_0_36m
6540,21.0,-0.10897219131781212,PhysioRisk,recomputed/revised,temporal_test,-1.0498221244986778,-0.06898234405016963,early_0_36m
3924,22.0,-0.2140204059484193,PhysioRisk,recomputed/revised,temporal_test,-1.0033021088637848,-0.07399579180969218,early_0_36m
5038,22.0,-0.0499274302207308,PhysioRisk,recomputed/revised,temporal_test,-1.0033021088637848,-0.07475246360147823,early_0_36m
5303,22.0,-0.18243626847598857,PhysioRisk,recomputed/revised,temporal_test,-1.0033021088637848,-0.08296354762672631,early_0_36m
242,23.0,0.3735362218015848,PhysioRisk,recomputed/revised,temporal_test,-0.958850346292951,-0.08791504068538888,early_0_36m
1291,23.0,-0.1654463946769722,PhysioRisk,recomputed/revised,temporal_test,-0.958850346292951,-0.09434058277487029,early_0_36m
2562,23.0,-0.27695948884955296,PhysioRisk,recomputed/revised,temporal_test,-0.958850346292951,-0.09620002808044048,early_0_36m
4066,23.0,-0.06639576986272291,PhysioRisk,recomputed/revised,temporal_test,-0.958850346292951,-0.0991027393600354,early_0_36m
4890,23.0,-0.1832674832280396,PhysioRisk,recomputed/revised,temporal_test,-0.958850346292951,-0.10497705434531525,early_0_36m
5062,23.0,0.08416409608761294,PhysioRisk,recomputed/revised,temporal_test,-0.958850346292951,-0.10605578854636317,early_0_36m
6265,23.0,0.009412821644328726,PhysioRisk,recomputed/revised,temporal_test,-0.958850346292951,-0.10603468984756553,early_0_36m
101,24.0,-0.45508504637239094,PhysioRisk,recomputed/revised,temporal_test,-0.916290731874155,-0.10873857013481025,early_0_36m
2517,24.0,0.08592086743390179,PhysioRisk,recomputed/revised,temporal_test,-0.916290731874155,-0.10589412304215302,early_0_36m
2688,24.0,-0.22139266890571307,PhysioRisk,recomputed/revised,temporal_test,-0.916290731874155,-0.10203607478757289,early_0_36m
2964,24.0,-0.2762333323878543,PhysioRisk,recomputed/revised,temporal_test,-0.916290731874155,-0.0973019044028901,early_0_36m
3229,24.0,-0.22991570804989256,PhysioRisk,recomputed/revised,temporal_test,-0.916290731874155,-0.10090612760708777,early_0_36m
3300,24.0,-0.3179805234719098,PhysioRisk,recomputed/revised,temporal_test,-0.916290731874155,-0.09307049494137457,early_0_36m
3369,24.0,-0.20679173055020078,PhysioRisk,recomputed/revised,temporal_test,-0.916290731874155,-0.0956534591829394,early_0_36m
5474,24.0,-0.08552362428975993,PhysioRisk,recomputed/revised,temporal_test,-0.916290731874155,-0.10055837886683934,early_0_36m
5725,24.0,-0.16237113708450912,PhysioRisk,recomputed/revised,temporal_test,-0.916290731874155,-0.11596668552973903,early_0_36m
1073,25.0,-0.4182227821481125,PhysioRisk,recomputed/revised,temporal_test,-0.8754687373538999,-0.11554330070041076,early_0_36m
5328,25.0,-0.16650884346988032,PhysioRisk,recomputed/revised,temporal_test,-0.8754687373538999,-0.11173130993296702,early_0_36m
332,26.0,0.1420135939687567,PhysioRisk,recomputed/revised,temporal_test,-0.8362480242006186,-0.10245966535612208,early_0_36m
3171,26.0,-0.10930261239736302,PhysioRisk,recomputed/revised,temporal_test,-0.8362480242006186,-0.0996476830888896,early_0_36m
4525,26.0,0.030000046945021182,PhysioRisk,recomputed/revised,temporal_test,-0.8362480242006186,-0.09513918821472105,early_0_36m
53,27.0,-0.05122301837133722,PhysioRisk,recomputed/revised,temporal_test,-0.7985076962177716,-0.09574767121443314,early_0_36m
355,27.0,-0.22100379671147896,PhysioRisk,recomputed/revised,temporal_test,-0.7985076962177716,-0.0967364038050633,early_0_36m
525,27.0,-0.15693546395548041,PhysioRisk,recomputed/revised,temporal_test,-0.7985076962177716,-0.0955820403516339,early_0_36m
634,27.0,-0.3166828039922342,PhysioRisk,recomputed/revised,temporal_test,-0.7985076962177716,-0.09728703417764577,early_0_36m
2630,27.0,0.027743300960476575,PhysioRisk,recomputed/revised,temporal_test,-0.7985076962177716,-0.0988259268979584,early_0_36m
2876,27.0,-0.06364150732280388,PhysioRisk,recomputed/revised,temporal_test,-0.7985076962177716,-0.10688983435786517,early_0_36m
4218,27.0,-0.17914880013034884,PhysioRisk,recomputed/revised,temporal_test,-0.7985076962177716,-0.10700097918418858,early_0_36m
4651,27.0,-0.05428328029827714,PhysioRisk,recomputed/revised,temporal_test,-0.7985076962177716,-0.10367369462684516,early_0_36m
4652,27.0,-0.2645768765494271,PhysioRisk,recomputed/revised,temporal_test,-0.7985076962177716,-0.10910152099392448,early_0_36m
5426,27.0,-0.03221921686644193,PhysioRisk,recomputed/revised,temporal_test,-0.7985076962177716,-0.10092472702872628,early_0_36m
5996,27.0,0.011591956111667846,PhysioRisk,recomputed/revised,temporal_test,-0.7985076962177716,-0.10723902641580825,early_0_36m
520,28.0,-0.2762137945116484,PhysioRisk,recomputed/revised,temporal_test,-0.7621400520468967,-0.11138281253500983,early_0_36m
845,28.0,0.1825648221761956,PhysioRisk,recomputed/revised,temporal_test,-0.7621400520468967,-0.1058805374591413,early_0_36m
3566,28.0,-0.09311372091388957,PhysioRisk,recomputed/revised,temporal_test,-0.7621400520468967,-0.11245093933874113,early_0_36m
6690,28.0,0.004446825726698577,PhysioRisk,recomputed/revised,temporal_test,-0.7621400520468967,-0.11529169887198983,early_0_36m
1514,29.0,-0.1943988284683731,PhysioRisk,recomputed/revised,temporal_test,-0.7270487322356266,-0.11501077798403903,early_0_36m
2739,29.0,0.05790920042719469,PhysioRisk,recomputed/revised,temporal_test,-0.7270487322356266,-0.10915220720956154,early_0_36m
6445,29.0,-0.1204133278253427,PhysioRisk,recomputed/revised,temporal_test,-0.7270487322356266,-0.10203195689685746,early_0_36m
1222,30.0,0.02932669439126135,PhysioRisk,recomputed/revised,temporal_test,-0.6931471805599453,-0.10244376717743744,early_0_36m
3565,30.0,0.06282611005351676,PhysioRisk,recomputed/revised,temporal_test,-0.6931471805599453,-0.10407544914426164,early_0_36m
3849,30.0,-0.18571480093864218,PhysioRisk,recomputed/revised,temporal_test,-0.6931471805599453,-0.0998007601623137,early_0_36m
6232,30.0,0.031065011159203702,PhysioRisk,recomputed/revised,temporal_test,-0.6931471805599453,-0.09404323964342015,early_0_36m
338,31.0,0.10105816281587107,PhysioRisk,recomputed/revised,temporal_test,-0.6603573577369544,-0.09558237926341952,early_0_36m
778,31.0,-0.01136707219366049,PhysioRisk,recomputed/revised,temporal_test,-0.6603573577369544,-0.09074518963476096,early_0_36m
1693,31.0,0.05798710134472308,PhysioRisk,recomputed/revised,temporal_test,-0.6603573577369544,-0.08933115087078831,early_0_36m
3190,31.0,-0.05700831422689587,PhysioRisk,recomputed/revised,temporal_test,-0.6603573577369544,-0.09445002119908678,early_0_36m
4966,31.0,-0.15939755343994996,PhysioRisk,recomputed/revised,temporal_test,-0.6603573577369544,-0.09912143939064215,early_0_36m
5778,31.0,-0.15514786982351875,PhysioRisk,recomputed/revised,temporal_test,-0.6603573577369544,-0.09297760309396012,early_0_36m
342,32.0,-0.13688211534733635,PhysioRisk,recomputed/revised,temporal_test,-0.6286086594223742,-0.040966721666879743,early_0_36m
803,32.0,-0.26091979721193337,PhysioRisk,recomputed/revised,temporal_test,-0.6286086594223742,-0.03883787045067495,early_0_36m
1473,32.0,-0.037723058653660206,PhysioRisk,recomputed/revised,temporal_test,-0.6286086594223742,-0.03873466444974097,early_0_36m
1787,32.0,-0.17111478081946618,PhysioRisk,recomputed/revised,temporal_test,-0.6286086594223742,-0.03551237575066781,early_0_36m
1789,32.0,-0.10726797642503774,PhysioRisk,recomputed/revised,temporal_test,-0.6286086594223742,-0.03309685416470136,early_0_36m
4592,32.0,-0.34321491458376857,PhysioRisk,recomputed/revised,temporal_test,-0.6286086594223742,-0.02661394628692313,early_0_36m
5117,32.0,0.23374900899706857,PhysioRisk,recomputed/revised,temporal_test,-0.6286086594223742,-0.02408307847143932,early_0_36m
96,33.0,-0.23786517265356727,PhysioRisk,recomputed/revised,temporal_test,-0.5978370007556204,-0.026695722582550374,early_0_36m
1520,33.0,-0.20192027043495223,PhysioRisk,recomputed/revised,temporal_test,-0.5978370007556204,-0.026306804418317294,early_0_36m
2287,33.0,-0.17446901750309565,PhysioRisk,recomputed/revised,temporal_test,-0.5978370007556204,-0.021806036299238066,early_0_36m
5856,33.0,-0.24916962842568952,PhysioRisk,recomputed/revised,temporal_test,-0.5978370007556204,-0.022566621092743613,early_0_36m
6299,33.0,-0.3662714051013969,PhysioRisk,recomputed/revised,temporal_test,-0.5978370007556204,-0.01876370933124261,early_0_36m
1356,34.0,-0.2619063671023635,PhysioRisk,recomputed/revised,temporal_test,-0.5679840376059393,-0.01823646510396698,early_0_36m
3259,34.0,0.06887140144845962,PhysioRisk,recomputed/revised,temporal_test,-0.5679840376059393,-0.013515715201921354,early_0_36m
3298,34.0,0.04515224247599784,PhysioRisk,recomputed/revised,temporal_test,-0.5679840376059393,-0.015843542982213268,early_0_36m
3419,34.0,-0.2277940548597796,PhysioRisk,recomputed/revised,temporal_test,-0.5679840376059393,-0.014808396724956076,early_0_36m
3616,34.0,-0.1687394045977942,PhysioRisk,recomputed/revised,temporal_test,-0.5679840376059393,-0.015825705707663014,early_0_36m
4627,34.0,0.05563800099483561,PhysioRisk,recomputed/revised,temporal_test,-0.5679840376059393,-0.02045002897738662,early_0_36m
812,35.0,-0.12458923568454161,PhysioRisk,recomputed/revised,temporal_test,-0.5389965007326869,-0.014370139924897251,early_0_36m
947,35.0,-0.24500496408984748,PhysioRisk,recomputed/revised,temporal_test,-0.5389965007326869,-0.015546248035857791,early_0_36m
3132,35.0,0.3887102650303428,PhysioRisk,recomputed/revised,temporal_test,-0.5389965007326869,-0.019680041610081984,early_0_36m
3711,35.0,-0.03718663543475831,PhysioRisk,recomputed/revised,temporal_test,-0.5389965007326869,-0.023935319199898244,early_0_36m
3729,35.0,-0.23106233979819965,PhysioRisk,recomputed/revised,temporal_test,-0.5389965007326869,-0.03064511200832465,early_0_36m
4217,35.0,-0.2894653461406617,PhysioRisk,recomputed/revised,temporal_test,-0.5389965007326869,-0.029430425081584236,early_0_36m
5061,35.0,0.09233185441930415,PhysioRisk,recomputed/revised,temporal_test,-0.5389965007326869,-0.024574813696877373,early_0_36m
5066,35.0,2.495619488825619,PhysioRisk,recomputed/revised,temporal_test,-0.5389965007326869,-0.020732920473601917,early_0_36m
1864,36.0,-0.20811139196578962,PhysioRisk,recomputed/revised,temporal_test,-0.5108256237659907,-0.02014095070237349,early_0_36m
2587,36.0,0.03300680700810968,PhysioRisk,recomputed/revised,temporal_test,-0.5108256237659907,-0.013460560336465381,early_0_36m
3096,36.0,0.10069521632992715,PhysioRisk,recomputed/revised,temporal_test,-0.5108256237659907,-0.012692215031980543,early_0_36m
3131,36.0,-0.055957199246059616,PhysioRisk,recomputed/revised,temporal_test,-0.5108256237659907,-0.010058598528234087,early_0_36m
3457,36.0,0.2763450214684121,PhysioRisk,recomputed/revised,temporal_test,-0.5108256237659907,-0.0083552662693071,early_0_36m
4901,36.0,-0.13550261795975233,PhysioRisk,recomputed/revised,temporal_test,-0.5108256237659907,-0.002843627025975233,early_0_36m
5171,36.0,-0.16546406653310586,PhysioRisk,recomputed/revised,temporal_test,-0.5108256237659907,-0.009617922493704167,early_0_36m
5288,36.0,0.031426782487555094,PhysioRisk,recomputed/revised,temporal_test,-0.5108256237659907,-0.01190932352596226,early_0_36m
5991,36.0,-0.046674620438607865,PhysioRisk,recomputed/revised,temporal_test,-0.5108256237659907,-0.014915310610448611,early_0_36m
1876,37.0,0.14377499770741264,PhysioRisk,recomputed/revised,temporal_test,-0.4834266495778762,-0.005750374586230856,middle_37_72m
3709,37.0,0.1008347789226616,PhysioRisk,recomputed/revised,temporal_test,-0.4834266495778762,0.00027652370691384954,middle_37_72m
446,38.0,0.031336281317755746,PhysioRisk,recomputed/revised,temporal_test,-0.456758402495715,0.005245083330936175,middle_37_72m
4226,38.0,0.04635941653595385,PhysioRisk,recomputed/revised,temporal_test,-0.456758402495715,0.01417262684087808,middle_37_72m
4698,38.0,-0.060810016367692926,PhysioRisk,recomputed/revised,temporal_test,-0.456758402495715,0.018612624470927985,middle_37_72m
246,39.0,-0.06762086870522595,PhysioRisk,recomputed/revised,temporal_test,-0.4307829160924542,0.018674328089175646,middle_37_72m
3998,39.0,-0.02255606372679255,PhysioRisk,recomputed/revised,temporal_test,-0.4307829160924542,0.02408284450596619,middle_37_72m
5637,39.0,-0.17301437670238712,PhysioRisk,recomputed/revised,temporal_test,-0.4307829160924542,0.022266423096566443,middle_37_72m
1558,40.0,0.12435954073831565,PhysioRisk,recomputed/revised,temporal_test,-0.40546510810816444,0.01987744124044211,middle_37_72m
2285,40.0,-0.02891650249978381,PhysioRisk,recomputed/revised,temporal_test,-0.40546510810816444,0.02740004957295834,middle_37_72m
2628,40.0,-0.10976530946956263,PhysioRisk,recomputed/revised,temporal_test,-0.40546510810816444,0.03824947379562451,middle_37_72m
594,41.0,-0.2283862292742898,PhysioRisk,recomputed/revised,temporal_test,-0.38077249551779285,0.02673473452752771,middle_37_72m
1589,41.0,-0.28421233188502365,PhysioRisk,recomputed/revised,temporal_test,-0.38077249551779285,0.025863629229649805,middle_37_72m
2288,41.0,0.004940719036865364,PhysioRisk,recomputed/revised,temporal_test,-0.38077249551779285,0.02890574099713183,middle_37_72m
2682,41.0,0.08823862718009988,PhysioRisk,recomputed/revised,temporal_test,-0.38077249551779285,0.036915328056403435,middle_37_72m
5580,41.0,0.04078868456352956,PhysioRisk,recomputed/revised,temporal_test,-0.38077249551779285,0.03202203133684577,middle_37_72m
686,42.0,-0.10669165701468664,PhysioRisk,recomputed/revised,temporal_test,-0.35667494393873245,-0.022192567050102835,middle_37_72m
1146,42.0,0.07978011144938021,PhysioRisk,recomputed/revised,temporal_test,-0.35667494393873245,-0.017467556614741753,middle_37_72m
1939,42.0,0.0014625518750664762,PhysioRisk,recomputed/revised,temporal_test,-0.35667494393873245,-0.01929918221173474,middle_37_72m
3908,42.0,-0.03680033912839687,PhysioRisk,recomputed/revised,temporal_test,-0.35667494393873245,-0.02017472033113155,middle_37_72m
4201,42.0,-0.02039803121976141,PhysioRisk,recomputed/revised,temporal_test,-0.35667494393873245,-0.019600879540955424,middle_37_72m
5389,42.0,-0.0621213131738434,PhysioRisk,recomputed/revised,temporal_test,-0.35667494393873245,-0.025393665018314686,middle_37_72m
347,43.0,-0.11174005985710714,PhysioRisk,recomputed/revised,temporal_test,-0.33314444652853825,-0.024684707300094467,middle_37_72m
348,43.0,-0.35472662529872995,PhysioRisk,recomputed/revised,temporal_test,-0.33314444652853825,-0.02576393581855373,middle_37_72m
1075,43.0,-0.35522561174375616,PhysioRisk,recomputed/revised,temporal_test,-0.33314444652853825,-0.022616335658456065,middle_37_72m
3617,43.0,0.2929427197320099,PhysioRisk,recomputed/revised,temporal_test,-0.33314444652853825,-0.01589166247958601,middle_37_72m
4153,43.0,0.05820218452469042,PhysioRisk,recomputed/revised,temporal_test,-0.33314444652853825,-0.01905835859932829,middle_37_72m
4342,43.0,-0.11287486427625831,PhysioRisk,recomputed/revised,temporal_test,-0.33314444652853825,-0.021229878144995523,middle_37_72m
4428,43.0,0.19339835190467364,PhysioRisk,recomputed/revised,temporal_test,-0.33314444652853825,-0.023220536799428954,middle_37_72m
4486,43.0,0.2953112805810049,PhysioRisk,recomputed/revised,temporal_test,-0.33314444652853825,-0.025115958322232644,middle_37_72m
5324,43.0,0.04829912700662853,PhysioRisk,recomputed/revised,temporal_test,-0.33314444652853825,-0.0199364459577005,middle_37_72m
889,44.0,0.0480402823965383,PhysioRisk,recomputed/revised,temporal_test,-0.3101549283038396,-0.02096499839361042,middle_37_72m
1012,44.0,-0.26137689647718176,PhysioRisk,recomputed/revised,temporal_test,-0.3101549283038396,-0.023367957521685707,middle_37_72m
1729,44.0,-0.06620007366750515,PhysioRisk,recomputed/revised,temporal_test,-0.3101549283038396,-0.019535459041148073,middle_37_72m
4476,44.0,0.25906378927378604,PhysioRisk,recomputed/revised,temporal_test,-0.3101549283038396,-0.024526943971540795,middle_37_72m
6437,44.0,0.3083156712661271,PhysioRisk,recomputed/revised,temporal_test,-0.3101549283038396,-0.025431783599247415,middle_37_72m
1442,45.0,-0.198541437642594,PhysioRisk,recomputed/revised,temporal_test,-0.2876820724517809,-0.024340660736300028,middle_37_72m
3283,45.0,-0.08161300562653122,PhysioRisk,recomputed/revised,temporal_test,-0.2876820724517809,-0.01731554345744576,middle_37_72m
289,46.0,-0.07591463965661635,PhysioRisk,recomputed/revised,temporal_test,-0.2657031657330056,-0.010362583428426273,middle_37_72m
2069,46.0,0.11902359388219028,PhysioRisk,recomputed/revised,temporal_test,-0.2657031657330056,-0.013117806933632159,middle_37_72m
2135,46.0,-0.15722627827813693,PhysioRisk,recomputed/revised,temporal_test,-0.2657031657330056,-0.017144774058116485,middle_37_72m
3750,46.0,-0.2693250289087598,PhysioRisk,recomputed/revised,temporal_test,-0.2657031657330056,-0.01791968139657968,middle_37_72m
2574,47.0,0.03286414023762556,PhysioRisk,recomputed/revised,temporal_test,-0.2441969605120421,-0.010676231807611793,middle_37_72m
2602,47.0,-0.06040609843853263,PhysioRisk,recomputed/revised,temporal_test,-0.2441969605120421,-0.00849733991044722,middle_37_72m
3421,47.0,0.056042772240689695,PhysioRisk,recomputed/revised,temporal_test,-0.2441969605120421,-0.00830872752722625,middle_37_72m
3464,47.0,-0.026691318947077058,PhysioRisk,recomputed/revised,temporal_test,-0.2441969605120421,-0.004305108432232559,middle_37_72m
5503,47.0,-0.019087037876910382,PhysioRisk,recomputed/revised,temporal_test,-0.2441969605120421,0.0046309232878172825,middle_37_72m
499,48.0,-0.09934577433052087,PhysioRisk,recomputed/revised,temporal_test,-0.2231435513142097,0.007023590298327011,middle_37_72m
565,48.0,-0.22050472097452856,PhysioRisk,recomputed/revised,temporal_test,-0.2231435513142097,0.011628104495606029,middle_37_72m
1329,48.0,0.19195439065253594,PhysioRisk,recomputed/revised,temporal_test,-0.2231435513142097,0.020320789638222758,middle_37_72m
5031,48.0,0.29628371168376516,PhysioRisk,recomputed/revised,temporal_test,-0.2231435513142097,0.0231736783915897,middle_37_72m
34,49.0,-0.017726504399443687,PhysioRisk,recomputed/revised,temporal_test,-0.2025242641114741,0.01956745785972145,middle_37_72m
49,49.0,-0.009912717906367498,PhysioRisk,recomputed/revised,temporal_test,-0.2025242641114741,0.01672132113191392,middle_37_72m
1474,49.0,-0.07018731005834902,PhysioRisk,recomputed/revised,temporal_test,-0.2025242641114741,0.022540889316376097,middle_37_72m
3046,49.0,-0.050307081127034275,PhysioRisk,recomputed/revised,temporal_test,-0.2025242641114741,0.0197440953012732,middle_37_72m
743,50.0,0.2033451142234464,PhysioRisk,recomputed/revised,temporal_test,-0.1823215567939546,0.019339924608933527,middle_37_72m
1889,50.0,-0.120077042936632,PhysioRisk,recomputed/revised,temporal_test,-0.1823215567939546,0.01985589416793206,middle_37_72m
2175,50.0,-0.14510697925863203,PhysioRisk,recomputed/revised,temporal_test,-0.1823215567939546,0.04524263890347605,middle_37_72m
3179,50.0,0.022443045805032376,PhysioRisk,recomputed/revised,temporal_test,-0.1823215567939546,0.04813822630006764,middle_37_72m
5191,50.0,-0.13020619071171327,PhysioRisk,recomputed/revised,temporal_test,-0.1823215567939546,0.050435266925906254,middle_37_72m
1416,51.0,-0.07506332351282147,PhysioRisk,recomputed/revised,temporal_test,-0.16251892949777494,0.03960093101044203,middle_37_72m
4694,51.0,-0.05411804345924604,PhysioRisk,recomputed/revised,temporal_test,-0.16251892949777494,0.032662046219423084,middle_37_72m
5308,51.0,0.129894751947278,PhysioRisk,recomputed/revised,temporal_test,-0.16251892949777494,0.03725736245243699,middle_37_72m
6356,51.0,0.07038862959497012,PhysioRisk,recomputed/revised,temporal_test,-0.16251892949777494,0.03780029407196515,middle_37_72m
84,52.0,-0.1355756797286348,PhysioRisk,recomputed/revised,temporal_test,-0.1431008436406733,0.0403164475815913,middle_37_72m
340,52.0,-0.11713669616860076,PhysioRisk,recomputed/revised,temporal_test,-0.1431008436406733,0.03351773159759454,middle_37_72m
738,52.0,0.0012684103019066383,PhysioRisk,recomputed/revised,temporal_test,-0.1431008436406733,0.0345308541543046,middle_37_72m
1510,52.0,0.2627242720226756,PhysioRisk,recomputed/revised,temporal_test,-0.1431008436406733,0.036486837547863867,middle_37_72m
2804,52.0,0.1909035982047733,PhysioRisk,recomputed/revised,temporal_test,-0.1431008436406733,0.03738277216092912,middle_37_72m
6325,52.0,0.011081783419336053,PhysioRisk,recomputed/revised,temporal_test,-0.1431008436406733,0.03783321364459634,middle_37_72m
528,53.0,0.1673842347162814,PhysioRisk,recomputed/revised,temporal_test,-0.12405264866997888,0.04055985339371708,middle_37_72m
1912,53.0,0.43533958650278054,PhysioRisk,recomputed/revised,temporal_test,-0.12405264866997888,0.04283154089242329,middle_37_72m
2530,53.0,0.0599047043621527,PhysioRisk,recomputed/revised,temporal_test,-0.12405264866997888,0.04414419372344424,middle_37_72m
2573,53.0,0.12309016420412276,PhysioRisk,recomputed/revised,temporal_test,-0.12405264866997888,0.044119551450345636,middle_37_72m
2938,53.0,0.08860031697472338,PhysioRisk,recomputed/revised,temporal_test,-0.12405264866997888,0.04659461150188736,middle_37_72m
3910,53.0,-0.20972828532204213,PhysioRisk,recomputed/revised,temporal_test,-0.12405264866997888,0.04463222027043752,middle_37_72m
4458,53.0,0.10902547260672908,PhysioRisk,recomputed/revised,temporal_test,-0.12405264866997888,0.03758069200476749,middle_37_72m
5859,53.0,-0.08695078859349356,PhysioRisk,recomputed/revised,temporal_test,-0.12405264866997888,0.039218135757797444,middle_37_72m
44,54.0,0.18392311313131268,PhysioRisk,recomputed/revised,temporal_test,-0.10536051565782628,0.037315300967187104,middle_37_72m
185,54.0,0.050761857134425895,PhysioRisk,recomputed/revised,temporal_test,-0.10536051565782628,0.041082671739743955,middle_37_72m
1798,54.0,0.2746985752716816,PhysioRisk,recomputed/revised,temporal_test,-0.10536051565782628,0.042127881758306104,middle_37_72m
1881,54.0,0.0746135745155536,PhysioRisk,recomputed/revised,temporal_test,-0.10536051565782628,0.04115192082334926,middle_37_72m
2329,54.0,1.3427642639092823,PhysioRisk,recomputed/revised,temporal_test,-0.10536051565782628,0.04131803809022136,middle_37_72m
345,55.0,-0.11370193925101103,PhysioRisk,recomputed/revised,temporal_test,-0.08701137698962981,0.042284153925791275,middle_37_72m
1023,55.0,0.050948998250264166,PhysioRisk,recomputed/revised,temporal_test,-0.08701137698962981,0.04054840018513577,middle_37_72m
1689,55.0,-0.29348734241488933,PhysioRisk,recomputed/revised,temporal_test,-0.08701137698962981,0.0469791709768972,middle_37_72m
2414,55.0,-0.045567453075839065,PhysioRisk,recomputed/revised,temporal_test,-0.08701137698962981,0.047424092956469314,middle_37_72m
3993,55.0,0.03581969024111528,PhysioRisk,recomputed/revised,temporal_test,-0.08701137698962981,0.04868032853962562,middle_37_72m
4035,55.0,-0.05392349303059536,PhysioRisk,recomputed/revised,temporal_test,-0.08701137698962981,0.04667625300758256,middle_37_72m
663,56.0,0.05240918933431727,PhysioRisk,recomputed/revised,temporal_test,-0.06899287148695143,0.04405712294467745,middle_37_72m
1178,56.0,-0.22771092130164441,PhysioRisk,recomputed/revised,temporal_test,-0.06899287148695143,0.046864747849911334,middle_37_72m
1560,56.0,-0.10555702788592407,PhysioRisk,recomputed/revised,temporal_test,-0.06899287148695143,0.044835267198996324,middle_37_72m
2275,56.0,-0.16956987583723726,PhysioRisk,recomputed/revised,temporal_test,-0.06899287148695143,0.04691058174233345,middle_37_72m
2631,56.0,0.07855680550395365,PhysioRisk,recomputed/revised,temporal_test,-0.06899287148695143,0.04374377934890278,middle_37_72m
2959,56.0,-0.03743358277150406,PhysioRisk,recomputed/revised,temporal_test,-0.06899287148695143,0.0423114535549332,middle_37_72m
3185,56.0,0.1951013994458473,PhysioRisk,recomputed/revised,temporal_test,-0.06899287148695143,0.04306961119224432,middle_37_72m
4389,56.0,0.08916474348693937,PhysioRisk,recomputed/revised,temporal_test,-0.06899287148695143,0.03673546468795481,middle_37_72m
636,57.0,0.0478582565051583,PhysioRisk,recomputed/revised,temporal_test,-0.05129329438755058,0.028104974106265692,middle_37_72m
788,57.0,-0.10060253025854969,PhysioRisk,recomputed/revised,temporal_test,-0.05129329438755058,0.024947325271260173,middle_37_72m
1039,57.0,-0.09427665834590034,PhysioRisk,recomputed/revised,temporal_test,-0.05129329438755058,0.02383715539506671,middle_37_72m
4156,57.0,0.09187243784859382,PhysioRisk,recomputed/revised,temporal_test,-0.05129329438755058,0.023028195248010426,middle_37_72m
6027,57.0,-0.0633442298654063,PhysioRisk,recomputed/revised,temporal_test,-0.05129329438755058,0.028421919863844503,middle_37_72m
928,58.0,0.06578312700508392,PhysioRisk,recomputed/revised,temporal_test,-0.03390155167568134,0.029671691290608038,middle_37_72m
3999,58.0,-0.10695729222749502,PhysioRisk,recomputed/revised,temporal_test,-0.03390155167568134,0.03205216905061796,middle_37_72m
4405,58.0,0.12194859934205073,PhysioRisk,recomputed/revised,temporal_test,-0.03390155167568134,0.023782176652169838,middle_37_72m
4450,58.0,0.0029986298196354568,PhysioRisk,recomputed/revised,temporal_test,-0.03390155167568134,0.02446907052442489,middle_37_72m
152,59.0,0.15357110654064707,PhysioRisk,recomputed/revised,temporal_test,-0.01680711831638129,0.01740255895794026,middle_37_72m
485,59.0,-0.1116050623261548,PhysioRisk,recomputed/revised,temporal_test,-0.01680711831638129,0.01723741976116452,middle_37_72m
643,59.0,-0.09583507164456657,PhysioRisk,recomputed/revised,temporal_test,-0.01680711831638129,-0.011065879160228352,middle_37_72m
1564,59.0,-0.06608039496839818,PhysioRisk,recomputed/revised,temporal_test,-0.01680711831638129,-0.011063210070179005,middle_37_72m
1683,59.0,0.19776311966811932,PhysioRisk,recomputed/revised,temporal_test,-0.01680711831638129,-0.01120589586047186,middle_37_72m
1765,59.0,-0.052372302554643126,PhysioRisk,recomputed/revised,temporal_test,-0.01680711831638129,-0.0045293443519515905,middle_37_72m
3027,59.0,0.009949971281725135,PhysioRisk,recomputed/revised,temporal_test,-0.01680711831638129,-0.003002415724190618,middle_37_72m
3601,59.0,0.027686899813081634,PhysioRisk,recomputed/revised,temporal_test,-0.01680711831638129,0.0031136436384465427,middle_37_72m
3862,59.0,-0.06318700361319034,PhysioRisk,recomputed/revised,temporal_test,-0.01680711831638129,0.008678081065836259,middle_37_72m
1775,60.0,0.0076131904382934065,PhysioRisk,recomputed/revised,temporal_test,0.0,0.003271247220392431,middle_37_72m
4062,60.0,-0.22064020936526577,PhysioRisk,recomputed/revised,temporal_test,0.0,0.012839561986712095,middle_37_72m
4289,61.0,0.10710945201209954,PhysioRisk,recomputed/revised,temporal_test,0.016529301951210506,0.017264445452310245,middle_37_72m
4539,61.0,0.10121734995771181,PhysioRisk,recomputed/revised,temporal_test,0.016529301951210506,0.022582452243600414,middle_37_72m
162,62.0,0.11785498271232481,PhysioRisk,recomputed/revised,temporal_test,0.03278982282299097,0.01763476771357838,middle_37_72m
1636,62.0,0.04974782292220283,PhysioRisk,recomputed/revised,temporal_test,0.03278982282299097,0.01343034805661481,middle_37_72m
3188,62.0,-0.15565723700248393,PhysioRisk,recomputed/revised,temporal_test,0.03278982282299097,0.010902981804162031,middle_37_72m
4268,62.0,-0.004815433163364102,PhysioRisk,recomputed/revised,temporal_test,0.03278982282299097,0.00787631708018454,middle_37_72m
217,63.0,-0.10113538622312875,PhysioRisk,recomputed/revised,temporal_test,0.04879016416943204,0.01327185275704852,middle_37_72m
2539,63.0,0.06647150051825604,PhysioRisk,recomputed/revised,temporal_test,0.04879016416943204,0.018799663879953306,middle_37_72m
866,64.0,0.047343349474852976,PhysioRisk,recomputed/revised,temporal_test,0.06453852113757116,0.017522152109467316,middle_37_72m
1104,64.0,0.06535167008549565,PhysioRisk,recomputed/revised,temporal_test,0.06453852113757116,0.014761130344007764,middle_37_72m
2049,64.0,0.17276381537166932,PhysioRisk,recomputed/revised,temporal_test,0.06453852113757116,0.013448663798556613,middle_37_72m
2060,64.0,0.034453577167012445,PhysioRisk,recomputed/revised,temporal_test,0.06453852113757116,0.013794245051891963,middle_37_72m
2217,64.0,-0.23784649918954132,PhysioRisk,recomputed/revised,temporal_test,0.06453852113757116,0.013337930247290804,middle_37_72m
2903,64.0,0.08579344461943365,PhysioRisk,recomputed/revised,temporal_test,0.06453852113757116,0.010720538136633933,middle_37_72m
3342,64.0,-0.08569351461903478,PhysioRisk,recomputed/revised,temporal_test,0.06453852113757116,0.009646521310686806,middle_37_72m
110,65.0,0.0661914754799909,PhysioRisk,recomputed/revised,temporal_test,0.08004270767353636,0.005150449641444147,middle_37_72m
438,65.0,-0.10070398108175416,PhysioRisk,recomputed/revised,temporal_test,0.08004270767353636,0.005302236838233448,middle_37_72m
548,65.0,-0.11356581565849429,PhysioRisk,recomputed/revised,temporal_test,0.08004270767353636,0.010808659604822001,middle_37_72m
3222,65.0,0.04367202294532851,PhysioRisk,recomputed/revised,temporal_test,0.08004270767353636,0.013265948312664155,middle_37_72m
3478,65.0,0.04701678451964444,PhysioRisk,recomputed/revised,temporal_test,0.08004270767353636,0.007559649343879263,middle_37_72m
350,66.0,0.03230590693997049,PhysioRisk,recomputed/revised,temporal_test,0.09531017980432493,0.0063616236571011845,middle_37_72m
444,66.0,0.3477387177356105,PhysioRisk,recomputed/revised,temporal_test,0.09531017980432493,0.0021544985248739346,middle_37_72m
854,66.0,0.22986281576628015,PhysioRisk,recomputed/revised,temporal_test,0.09531017980432493,0.007975318631130856,middle_37_72m
1288,66.0,-0.22333933678331797,PhysioRisk,recomputed/revised,temporal_test,0.09531017980432493,0.009935719708919127,middle_37_72m
2232,66.0,0.26027313178065853,PhysioRisk,recomputed/revised,temporal_test,0.09531017980432493,0.012080415319177728,middle_37_72m
3508,66.0,0.12011202885958154,PhysioRisk,recomputed/revised,temporal_test,0.09531017980432493,0.02292363461426237,middle_37_72m
2092,67.0,0.10164847051856146,PhysioRisk,recomputed/revised,temporal_test,0.11034805716886541,0.022109087178810875,middle_37_72m
2939,67.0,-0.1737751055271703,PhysioRisk,recomputed/revised,temporal_test,0.11034805716886541,0.018368351661886897,middle_37_72m
2036,68.0,-0.25185898527664613,PhysioRisk,recomputed/revised,temporal_test,0.125163142954006,0.017708780710207112,middle_37_72m
2611,68.0,0.06620572057075566,PhysioRisk,recomputed/revised,temporal_test,0.125163142954006,0.014846066083606176,middle_37_72m
3824,68.0,-0.06519515743591262,PhysioRisk,recomputed/revised,temporal_test,0.125163142954006,0.016531166192480438,middle_37_72m
4510,68.0,0.3230305760252213,PhysioRisk,recomputed/revised,temporal_test,0.125163142954006,0.01665244617043552,middle_37_72m
4564,68.0,0.1813158370095943,PhysioRisk,recomputed/revised,temporal_test,0.125163142954006,0.01588053623659623,middle_37_72m
116,69.0,-0.1594297586406857,PhysioRisk,recomputed/revised,temporal_test,0.13976194237515863,0.016120458526642577,middle_37_72m
695,69.0,-0.04893967218984343,PhysioRisk,recomputed/revised,temporal_test,0.13976194237515863,0.016561809156411787,middle_37_72m
744,69.0,-0.13028002368341507,PhysioRisk,recomputed/revised,temporal_test,0.13976194237515863,0.01751661799287993,middle_37_72m
1715,69.0,0.0834077709251868,PhysioRisk,recomputed/revised,temporal_test,0.13976194237515863,0.01930997131204296,middle_37_72m
791,70.0,-0.1302293472621542,PhysioRisk,recomputed/revised,temporal_test,0.15415067982725836,0.019947795088718346,middle_37_72m
1650,70.0,-0.011538398301449619,PhysioRisk,recomputed/revised,temporal_test,0.15415067982725836,0.023194854170847885,middle_37_72m
1004,71.0,-0.051776228303667994,PhysioRisk,recomputed/revised,temporal_test,0.16833531481921474,0.026256208690979558,middle_37_72m
1530,71.0,-0.07572854859072849,PhysioRisk,recomputed/revised,temporal_test,0.16833531481921474,0.02750165091464498,middle_37_72m
2677,71.0,-0.10386391528990048,PhysioRisk,recomputed/revised,temporal_test,0.16833531481921474,0.024156362483031584,middle_37_72m
3449,71.0,0.18499248945144964,PhysioRisk,recomputed/revised,temporal_test,0.16833531481921474,0.02869198565435072,middle_37_72m
3670,71.0,0.05924132913155168,PhysioRisk,recomputed/revised,temporal_test,0.16833531481921474,0.03081359780238725,middle_37_72m
3677,71.0,-0.09325812773991024,PhysioRisk,recomputed/revised,temporal_test,0.16833531481921474,0.03169636815387578,middle_37_72m
4589,71.0,-0.11347161258032512,PhysioRisk,recomputed/revised,temporal_test,0.16833531481921474,0.03326292239323524,middle_37_72m
57,72.0,-0.20461341046186457,PhysioRisk,recomputed/revised,temporal_test,0.1823215567939546,0.037195452234852044,middle_37_72m
816,72.0,0.3245487252321847,PhysioRisk,recomputed/revised,temporal_test,0.1823215567939546,0.03262249526977148,middle_37_72m
876,72.0,0.03679345135401139,PhysioRisk,recomputed/revised,temporal_test,0.1823215567939546,0.02866546612007074,middle_37_72m
2446,72.0,0.11699266656148205,PhysioRisk,recomputed/revised,temporal_test,0.1823215567939546,0.0359667675619975,middle_37_72m
3183,72.0,0.33236397468405116,PhysioRisk,recomputed/revised,temporal_test,0.1823215567939546,0.03358471264143188,middle_37_72m
4198,72.0,0.06556753280407346,PhysioRisk,recomputed/revised,temporal_test,0.1823215567939546,0.03814194703130635,middle_37_72m
261,73.0,-0.08956016140541116,PhysioRisk,recomputed/revised,temporal_test,0.19611487892629037,0.04910141879886881,late_73m_plus
309,73.0,0.08421686417665553,PhysioRisk,recomputed/revised,temporal_test,0.19611487892629037,0.0473466403341191,late_73m_plus
1527,73.0,-0.09625062303444483,PhysioRisk,recomputed/revised,temporal_test,0.19611487892629037,0.055402982382379465,late_73m_plus
2024,73.0,-0.06971713144989661,PhysioRisk,recomputed/revised,temporal_test,0.19611487892629037,0.053149165317237845,late_73m_plus
4604,73.0,0.0013698457123452181,PhysioRisk,recomputed/revised,temporal_test,0.19611487892629037,0.05378829148639046,late_73m_plus
213,74.0,-0.1405027928489326,PhysioRisk,recomputed/revised,temporal_test,0.2097205309820691,0.04983858816843233,late_73m_plus
1612,74.0,0.07870753731061976,PhysioRisk,recomputed/revised,temporal_test,0.2097205309820691,0.04431717896569717,late_73m_plus
2200,74.0,0.06985223159308264,PhysioRisk,recomputed/revised,temporal_test,0.2097205309820691,0.04860810261430773,late_73m_plus
371,75.0,0.11404692074537098,PhysioRisk,recomputed/revised,temporal_test,0.22314355131420976,0.043743755399389246,late_73m_plus
551,75.0,0.26422483464898394,PhysioRisk,recomputed/revised,temporal_test,0.22314355131420976,0.04833032896233972,late_73m_plus
1035,75.0,0.06698258977745715,PhysioRisk,recomputed/revised,temporal_test,0.22314355131420976,0.0409032768059886,late_73m_plus
1810,75.0,-0.07224648600093479,PhysioRisk,recomputed/revised,temporal_test,0.22314355131420976,0.04638309212608849,late_73m_plus
3047,75.0,0.2419225251461487,PhysioRisk,recomputed/revised,temporal_test,0.22314355131420976,0.050849972415474426,late_73m_plus
916,76.0,-0.022175961212098142,PhysioRisk,recomputed/revised,temporal_test,0.23638877806423034,0.051356250699884066,late_73m_plus
1248,76.0,-0.10441823453229254,PhysioRisk,recomputed/revised,temporal_test,0.23638877806423034,0.05340810497213853,late_73m_plus
1349,76.0,0.13061280065552192,PhysioRisk,recomputed/revised,temporal_test,0.23638877806423034,0.06056204719181258,late_73m_plus
1464,76.0,-0.005363596108631165,PhysioRisk,recomputed/revised,temporal_test,0.23638877806423034,0.04986542045793546,late_73m_plus
2616,76.0,0.08869331087124366,PhysioRisk,recomputed/revised,temporal_test,0.23638877806423034,0.04694808354001567,late_73m_plus
60,77.0,0.12691105072697675,PhysioRisk,recomputed/revised,temporal_test,0.24946085963158324,0.04468326523480864,late_73m_plus
2230,77.0,0.23286492886242732,PhysioRisk,recomputed/revised,temporal_test,0.24946085963158324,0.04653033680309452,late_73m_plus
2241,77.0,0.11451791251650166,PhysioRisk,recomputed/revised,temporal_test,0.24946085963158324,0.04845955620233321,late_73m_plus
4256,77.0,0.028054329131542658,PhysioRisk,recomputed/revised,temporal_test,0.24946085963158324,0.04455718711175823,late_73m_plus
267,78.0,0.14902703675494672,PhysioRisk,recomputed/revised,temporal_test,0.26236426446749106,0.0476865876273726,late_73m_plus
336,78.0,0.13878833083181216,PhysioRisk,recomputed/revised,temporal_test,0.26236426446749106,0.046413292984498054,late_73m_plus
1595,78.0,0.3525309827431794,PhysioRisk,recomputed/revised,temporal_test,0.26236426446749106,0.039115762917061515,late_73m_plus
2045,78.0,0.6605815306642467,PhysioRisk,recomputed/revised,temporal_test,0.26236426446749106,0.040541159411685526,late_73m_plus
3624,78.0,-0.2632688072294054,PhysioRisk,recomputed/revised,temporal_test,0.26236426446749106,0.04279986521762059,late_73m_plus
15,79.0,0.15901445918463222,PhysioRisk,recomputed/revised,temporal_test,0.2751032902449208,0.04366744137617201,late_73m_plus
1554,79.0,-0.04873894975146657,PhysioRisk,recomputed/revised,temporal_test,0.2751032902449208,0.04396221764104757,late_73m_plus
4053,79.0,-0.032599722809129754,PhysioRisk,recomputed/revised,temporal_test,0.2751032902449208,0.04849050046443659,late_73m_plus
375,80.0,0.12159570680935729,PhysioRisk,recomputed/revised,temporal_test,0.28768207245178085,0.048900582501127846,late_73m_plus
894,80.0,-0.10027603232989928,PhysioRisk,recomputed/revised,temporal_test,0.28768207245178085,0.05207719619294082,late_73m_plus
1679,80.0,0.05940734743845321,PhysioRisk,recomputed/revised,temporal_test,0.28768207245178085,0.05225337236211966,late_73m_plus
2115,80.0,-0.29702138015068646,PhysioRisk,recomputed/revised,temporal_test,0.28768207245178085,0.05262343901558808,late_73m_plus
157,81.0,0.10363522802705959,PhysioRisk,recomputed/revised,temporal_test,0.30010459245033816,0.04616335059725113,late_73m_plus
1302,81.0,-0.2953718890487205,PhysioRisk,recomputed/revised,temporal_test,0.30010459245033816,0.0457642202534552,late_73m_plus
299,82.0,0.1492412340629399,PhysioRisk,recomputed/revised,temporal_test,0.31237468504215243,0.043568938291377854,late_73m_plus
370,82.0,0.2162724964572333,PhysioRisk,recomputed/revised,temporal_test,0.31237468504215243,0.043844679189996336,late_73m_plus
1417,82.0,-0.025956035798776336,PhysioRisk,recomputed/revised,temporal_test,0.31237468504215243,0.040821953085567644,late_73m_plus
4528,82.0,0.028916019294248915,PhysioRisk,recomputed/revised,temporal_test,0.31237468504215243,0.04292431318589542,late_73m_plus
701,83.0,0.26098713791347616,PhysioRisk,recomputed/revised,temporal_test,0.32449604557449724,0.0432754334492945,late_73m_plus
2144,83.0,-0.3605354739762836,PhysioRisk,recomputed/revised,temporal_test,0.32449604557449724,0.05764942477645811,late_73m_plus
204,84.0,-0.08954285368235754,PhysioRisk,recomputed/revised,temporal_test,0.3364722366212129,0.05428257025540779,late_73m_plus
563,84.0,-0.2087638613054689,PhysioRisk,recomputed/revised,temporal_test,0.3364722366212129,0.05509382263072188,late_73m_plus
1207,84.0,-0.019270962597744926,PhysioRisk,recomputed/revised,temporal_test,0.3364722366212129,0.05151990904452523,late_73m_plus
269,85.0,-0.1062232211006914,PhysioRisk,recomputed/revised,temporal_test,0.3483066942682158,0.04438327202467534,late_73m_plus
1325,85.0,0.12552790161286112,PhysioRisk,recomputed/revised,temporal_test,0.3483066942682158,0.050002299505028096,late_73m_plus
231,86.0,0.19639287765034436,PhysioRisk,recomputed/revised,temporal_test,0.36000273403140703,0.049969238286267446,late_73m_plus
646,86.0,0.052054639774879743,PhysioRisk,recomputed/revised,temporal_test,0.36000273403140703,0.05028403831714291,late_73m_plus
684,86.0,-0.039810058755212326,PhysioRisk,recomputed/revised,temporal_test,0.36000273403140703,0.04971570079695177,late_73m_plus
1091,86.0,0.13826275402989832,PhysioRisk,recomputed/revised,temporal_test,0.36000273403140703,0.04365939515802722,late_73m_plus
73,87.0,0.025633834697276474,PhysioRisk,recomputed/revised,temporal_test,0.371563556432483,0.031069147494634988,late_73m_plus
1344,87.0,0.1284632482627783,PhysioRisk,recomputed/revised,temporal_test,0.371563556432483,0.037201188218052496,late_73m_plus
1438,88.0,-0.0812170335257914,PhysioRisk,recomputed/revised,temporal_test,0.3829922522561057,0.034609416495359306,late_73m_plus
1459,88.0,0.16122529254294363,PhysioRisk,recomputed/revised,temporal_test,0.3829922522561057,0.03642133750072509,late_73m_plus
304,89.0,0.022284029583598864,PhysioRisk,recomputed/revised,temporal_test,0.39429180751003917,0.037955138840944085,late_73m_plus
735,90.0,0.021504505433529775,PhysioRisk,recomputed/revised,temporal_test,0.4054651081081644,0.03605421684166196,late_73m_plus
1359,90.0,0.08769252193874037,PhysioRisk,recomputed/revised,temporal_test,0.4054651081081644,0.0392246877526285,late_73m_plus
294,91.0,0.08872563091997179,PhysioRisk,recomputed/revised,temporal_test,0.41651494429474933,0.03874414823629935,late_73m_plus
386,91.0,-0.21541758858981314,PhysioRisk,recomputed/revised,temporal_test,0.41651494429474933,0.046933551367689244,late_73m_plus
405,92.0,0.24386918711539152,PhysioRisk,recomputed/revised,temporal_test,0.42744401482693967,0.045516009451204986,late_73m_plus
1588,92.0,-0.04497679028848771,PhysioRisk,recomputed/revised,temporal_test,0.42744401482693967,0.05425672479735693,late_73m_plus
1666,93.0,-0.05818370017139257,PhysioRisk,recomputed/revised,temporal_test,0.4382549309311553,0.05175713244826263,late_73m_plus
253,94.0,0.08776349382028589,PhysioRisk,recomputed/revised,temporal_test,0.4489502200479032,0.04731077125883099,late_73m_plus
480,94.0,0.08504440390461855,PhysioRisk,recomputed/revised,temporal_test,0.4489502200479032,0.04934596034376453,late_73m_plus
112,95.0,-0.0865111010989398,PhysioRisk,recomputed/revised,temporal_test,0.45953232937844013,0.04992967294517926,late_73m_plus
739,95.0,0.863686358340866,PhysioRisk,recomputed/revised,temporal_test,0.45953232937844013,0.04372210044611171,late_73m_plus
2051,95.0,-0.17707317668219782,PhysioRisk,recomputed/revised,temporal_test,0.45953232937844013,0.05597232997406308,late_73m_plus
907,96.0,0.13006718201226258,PhysioRisk,recomputed/revised,temporal_test,0.47000362924573563,0.060519679463326224,late_73m_plus
1376,97.0,-0.05535854216905224,PhysioRisk,recomputed/revised,temporal_test,0.4803664162812822,0.06920624529457768,late_73m_plus
1571,97.0,-0.1311035591499176,PhysioRisk,recomputed/revised,temporal_test,0.4803664162812822,0.07215548555765511,late_73m_plus
637,99.0,0.40108831401449263,PhysioRisk,recomputed/revised,temporal_test,0.5007752879124892,0.07830647544242568,late_73m_plus
2093,100.0,0.026368206974749772,PhysioRisk,recomputed/revised,temporal_test,0.5108256237659907,0.0766199959363387,late_73m_plus
752,102.0,0.16508183832959497,PhysioRisk,recomputed/revised,temporal_test,0.5306282510621704,0.0721839632802644,late_73m_plus
799,105.0,0.10980311730206418,PhysioRisk,recomputed/revised,temporal_test,0.5596157879354227,0.0729581680304715,late_73m_plus
6112,1.0,-0.1641499654503882,CalibratedTotalRisk,recomputed/revised,temporal_test,-4.0943445622221,-0.015406744800782354,early_0_36m
1893,2.0,0.11716203886599859,CalibratedTotalRisk,recomputed/revised,temporal_test,-3.4011973816621555,-0.01845226098660632,early_0_36m
18,3.0,0.25730424682166025,CalibratedTotalRisk,recomputed/revised,temporal_test,-2.995732273553991,-0.025360086757349794,early_0_36m
174,3.0,1.2760858404235627,CalibratedTotalRisk,recomputed/revised,temporal_test,-2.995732273553991,-0.016113561851283167,early_0_36m
761,3.0,-0.43095238288712573,CalibratedTotalRisk,recomputed/revised,temporal_test,-2.995732273553991,-0.034267586730198175,early_0_36m
2891,3.0,-0.6721507938900669,CalibratedTotalRisk,recomputed/revised,temporal_test,-2.995732273553991,-0.024303351083573076,early_0_36m
5384,3.0,0.17539488673916198,CalibratedTotalRisk,recomputed/revised,temporal_test,-2.995732273553991,-0.01243344629961478,early_0_36m
2012,4.0,0.12912021272291646,CalibratedTotalRisk,recomputed/revised,temporal_test,-2.70805020110221,-0.06074058995506235,early_0_36m
4560,5.0,-0.44658806542683344,CalibratedTotalRisk,recomputed/revised,temporal_test,-2.4849066497880004,-0.06700391996354747,early_0_36m
5626,5.0,0.16043971376325455,CalibratedTotalRisk,recomputed/revised,temporal_test,-2.4849066497880004,-0.07287949876337889,early_0_36m
282,6.0,0.3231636771448919,CalibratedTotalRisk,recomputed/revised,temporal_test,-2.3025850929940455,-0.10840357643759437,early_0_36m
2757,6.0,0.012863077854511823,CalibratedTotalRisk,recomputed/revised,temporal_test,-2.3025850929940455,-0.11642998696121269,early_0_36m
4659,6.0,-0.7659773884722435,CalibratedTotalRisk,recomputed/revised,temporal_test,-2.3025850929940455,-0.10832925028130887,early_0_36m
4640,7.0,0.6772155287819406,CalibratedTotalRisk,recomputed/revised,temporal_test,-2.1484344131667874,-0.09446293935017969,early_0_36m
6023,7.0,-0.12496749804492906,CalibratedTotalRisk,recomputed/revised,temporal_test,-2.1484344131667874,-0.08658303212614257,early_0_36m
5,8.0,0.11600504231822323,CalibratedTotalRisk,recomputed/revised,temporal_test,-2.0149030205422647,-0.09727802959384796,early_0_36m
418,8.0,-0.36410389416191175,CalibratedTotalRisk,recomputed/revised,temporal_test,-2.0149030205422647,-0.12972005531139455,early_0_36m
452,8.0,-0.5030417319951611,CalibratedTotalRisk,recomputed/revised,temporal_test,-2.0149030205422647,-0.1209343885331159,early_0_36m
1836,8.0,0.20900171154766387,CalibratedTotalRisk,recomputed/revised,temporal_test,-2.0149030205422647,-0.1177090436567163,early_0_36m
2597,8.0,-0.15764319280535818,CalibratedTotalRisk,recomputed/revised,temporal_test,-2.0149030205422647,-0.141866783319098,early_0_36m
3223,8.0,-0.3542045808779309,CalibratedTotalRisk,recomputed/revised,temporal_test,-2.0149030205422647,-0.13087801800073198,early_0_36m
3407,8.0,-0.6815710907090649,CalibratedTotalRisk,recomputed/revised,temporal_test,-2.0149030205422647,-0.14146319325893922,early_0_36m
4952,8.0,0.45188067041106766,CalibratedTotalRisk,recomputed/revised,temporal_test,-2.0149030205422647,-0.15423639641568762,early_0_36m
258,9.0,-0.05194839575538157,CalibratedTotalRisk,recomputed/revised,temporal_test,-1.8971199848858813,-0.15613800067776026,early_0_36m
380,9.0,0.8981552168505738,CalibratedTotalRisk,recomputed/revised,temporal_test,-1.8971199848858813,-0.1644019214871393,early_0_36m
1956,9.0,-0.48706824858937336,CalibratedTotalRisk,recomputed/revised,temporal_test,-1.8971199848858813,-0.16752455082102072,early_0_36m
2252,9.0,-0.0976356818180294,CalibratedTotalRisk,recomputed/revised,temporal_test,-1.8971199848858813,-0.16125179160078423,early_0_36m
4709,9.0,-0.21187138256742363,CalibratedTotalRisk,recomputed/revised,temporal_test,-1.8971199848858813,-0.15696610535710107,early_0_36m
1271,10.0,0.24278913551858236,CalibratedTotalRisk,recomputed/revised,temporal_test,-1.791759469228055,-0.16065465142506558,early_0_36m
1561,10.0,-0.5607343082187336,CalibratedTotalRisk,recomputed/revised,temporal_test,-1.791759469228055,-0.20441381737661607,early_0_36m
1971,10.0,0.27462371831518007,CalibratedTotalRisk,recomputed/revised,temporal_test,-1.791759469228055,-0.19458847793056644,early_0_36m
2410,10.0,0.3555336020030924,CalibratedTotalRisk,recomputed/revised,temporal_test,-1.791759469228055,-0.17566261533224958,early_0_36m
3365,10.0,-1.6065691869293846,CalibratedTotalRisk,recomputed/revised,temporal_test,-1.791759469228055,-0.1926410832215763,early_0_36m
4727,10.0,-0.2736938102435565,CalibratedTotalRisk,recomputed/revised,temporal_test,-1.791759469228055,-0.20539301637397353,early_0_36m
6645,10.0,-0.2726491779576468,CalibratedTotalRisk,recomputed/revised,temporal_test,-1.791759469228055,-0.1893512639630827,early_0_36m
579,11.0,-1.3517462950351362,CalibratedTotalRisk,recomputed/revised,temporal_test,-1.6964492894237302,-0.2025759755497567,early_0_36m
4979,11.0,-0.4053807658114727,CalibratedTotalRisk,recomputed/revised,temporal_test,-1.6964492894237302,-0.20048019441095022,early_0_36m
6061,11.0,0.19139800687513314,CalibratedTotalRisk,recomputed/revised,temporal_test,-1.6964492894237302,-0.19651284895008936,early_0_36m
1223,12.0,0.43245687603272887,CalibratedTotalRisk,recomputed/revised,temporal_test,-1.6094379124341003,-0.18289102916040115,early_0_36m
2931,12.0,0.22073334961130514,CalibratedTotalRisk,recomputed/revised,temporal_test,-1.6094379124341003,-0.21708117308592936,early_0_36m
1414,13.0,-0.5250779283020639,CalibratedTotalRisk,recomputed/revised,temporal_test,-1.529395204760564,-0.20631976293597482,early_0_36m
5159,13.0,-1.4598431097308042,CalibratedTotalRisk,recomputed/revised,temporal_test,-1.529395204760564,-0.20128312900829273,early_0_36m
6530,13.0,0.2480636161545874,CalibratedTotalRisk,recomputed/revised,temporal_test,-1.529395204760564,-0.1870405351182531,early_0_36m
6582,13.0,0.020980786028466297,CalibratedTotalRisk,recomputed/revised,temporal_test,-1.529395204760564,-0.18598691529911066,early_0_36m
75,14.0,-1.204807328463893,CalibratedTotalRisk,recomputed/revised,temporal_test,-1.455287232606842,-0.1857048640970917,early_0_36m
2955,14.0,0.3636164213257392,CalibratedTotalRisk,recomputed/revised,temporal_test,-1.455287232606842,-0.19384302313294674,early_0_36m
5025,14.0,-0.6283812551364718,CalibratedTotalRisk,recomputed/revised,temporal_test,-1.455287232606842,-0.19155471167404756,early_0_36m
158,15.0,-0.754576944782863,CalibratedTotalRisk,recomputed/revised,temporal_test,-1.3862943611198906,-0.2068228448763054,early_0_36m
3450,15.0,-0.24741500525724705,CalibratedTotalRisk,recomputed/revised,temporal_test,-1.3862943611198906,-0.2122656664196336,early_0_36m
3654,15.0,-0.5693340411467116,CalibratedTotalRisk,recomputed/revised,temporal_test,-1.3862943611198906,-0.21672252955453106,early_0_36m
4257,15.0,-0.32365601751509226,CalibratedTotalRisk,recomputed/revised,temporal_test,-1.3862943611198906,-0.22740642671777167,early_0_36m
6709,15.0,0.15576075478167295,CalibratedTotalRisk,recomputed/revised,temporal_test,-1.3862943611198906,-0.23049936132189958,early_0_36m
2342,16.0,0.33573203729384005,CalibratedTotalRisk,recomputed/revised,temporal_test,-1.3217558399823195,-0.2162020576320718,early_0_36m
2488,16.0,0.06918839735546829,CalibratedTotalRisk,recomputed/revised,temporal_test,-1.3217558399823195,-0.23399012122445076,early_0_36m
3401,16.0,-0.9556316231055094,CalibratedTotalRisk,recomputed/revised,temporal_test,-1.3217558399823195,-0.2555163623877959,early_0_36m
4249,16.0,0.0701399288614037,CalibratedTotalRisk,recomputed/revised,temporal_test,-1.3217558399823195,-0.24724382559428143,early_0_36m
5631,16.0,0.29306819862409306,CalibratedTotalRisk,recomputed/revised,temporal_test,-1.3217558399823195,-0.27212265088263504,early_0_36m
6051,16.0,-0.6905069756165011,CalibratedTotalRisk,recomputed/revised,temporal_test,-1.3217558399823195,-0.2777250982016473,early_0_36m
6098,16.0,-0.521228378049342,CalibratedTotalRisk,recomputed/revised,temporal_test,-1.3217558399823195,-0.24305990930403554,early_0_36m
62,17.0,0.37154130752859893,CalibratedTotalRisk,recomputed/revised,temporal_test,-1.2611312181658847,-0.2541282592182729,early_0_36m
2944,17.0,-0.5140205771571192,CalibratedTotalRisk,recomputed/revised,temporal_test,-1.2611312181658847,-0.27224031413128946,early_0_36m
5801,17.0,0.4300485152240227,CalibratedTotalRisk,recomputed/revised,temporal_test,-1.2611312181658847,-0.25018159150640545,early_0_36m
5923,17.0,0.21519769635841676,CalibratedTotalRisk,recomputed/revised,temporal_test,-1.2611312181658847,-0.24104215296592735,early_0_36m
6045,17.0,-0.07126457919814776,CalibratedTotalRisk,recomputed/revised,temporal_test,-1.2611312181658847,-0.24516493934895306,early_0_36m
2523,18.0,-1.0664818114199963,CalibratedTotalRisk,recomputed/revised,temporal_test,-1.2039728043259361,-0.24971213923705363,early_0_36m
2957,18.0,0.4238644196027512,CalibratedTotalRisk,recomputed/revised,temporal_test,-1.2039728043259361,-0.2653256100957395,early_0_36m
6066,18.0,0.3728733726300089,CalibratedTotalRisk,recomputed/revised,temporal_test,-1.2039728043259361,-0.2525483416963055,early_0_36m
6716,18.0,0.36226839423011054,CalibratedTotalRisk,recomputed/revised,temporal_test,-1.2039728043259361,-0.2337710189826571,early_0_36m
2596,19.0,-0.449307121218896,CalibratedTotalRisk,recomputed/revised,temporal_test,-1.1499055830556604,-0.23290127882018546,early_0_36m
2655,19.0,0.22338632285063276,CalibratedTotalRisk,recomputed/revised,temporal_test,-1.1499055830556604,-0.226404100450899,early_0_36m
2694,19.0,-0.5726893036339676,CalibratedTotalRisk,recomputed/revised,temporal_test,-1.1499055830556604,-0.20690894363398865,early_0_36m
3801,19.0,-0.2375006964740707,CalibratedTotalRisk,recomputed/revised,temporal_test,-1.1499055830556604,-0.21616172447072635,early_0_36m
3928,19.0,-1.4602458840242152,CalibratedTotalRisk,recomputed/revised,temporal_test,-1.1499055830556604,-0.203991440695955,early_0_36m
4181,19.0,0.17429677170132865,CalibratedTotalRisk,recomputed/revised,temporal_test,-1.1499055830556604,-0.2011875686394695,early_0_36m
4955,19.0,-0.2792484156351513,CalibratedTotalRisk,recomputed/revised,temporal_test,-1.1499055830556604,-0.19995302601272708,early_0_36m
6320,19.0,0.35327646152530245,CalibratedTotalRisk,recomputed/revised,temporal_test,-1.1499055830556604,-0.19058451997965645,early_0_36m
6473,19.0,-0.644807913399897,CalibratedTotalRisk,recomputed/revised,temporal_test,-1.1499055830556604,-0.21362548417441032,early_0_36m
1099,20.0,0.6315268063631864,CalibratedTotalRisk,recomputed/revised,temporal_test,-1.0986122886681098,-0.2154447878391917,early_0_36m
4851,20.0,-1.1190626257787504,CalibratedTotalRisk,recomputed/revised,temporal_test,-1.0986122886681098,-0.2276131171771502,early_0_36m
5297,20.0,-0.855049163812019,CalibratedTotalRisk,recomputed/revised,temporal_test,-1.0986122886681098,-0.2412787698324559,early_0_36m
1240,21.0,-0.13883493174949693,CalibratedTotalRisk,recomputed/revised,temporal_test,-1.0498221244986778,-0.2516738615791193,early_0_36m
1857,21.0,-0.9941963713908535,CalibratedTotalRisk,recomputed/revised,temporal_test,-1.0498221244986778,-0.25720211234991225,early_0_36m
1934,21.0,0.06980878873346752,CalibratedTotalRisk,recomputed/revised,temporal_test,-1.0498221244986778,-0.26119601907804024,early_0_36m
3528,21.0,0.16135544684881659,CalibratedTotalRisk,recomputed/revised,temporal_test,-1.0498221244986778,-0.2689628113090167,early_0_36m
6540,21.0,-0.8381796558696637,CalibratedTotalRisk,recomputed/revised,temporal_test,-1.0498221244986778,-0.26480892048742133,early_0_36m
3924,22.0,-1.1963639785214917,CalibratedTotalRisk,recomputed/revised,temporal_test,-1.0033021088637848,-0.29932907607618287,early_0_36m
5038,22.0,-0.22675144116605075,CalibratedTotalRisk,recomputed/revised,temporal_test,-1.0033021088637848,-0.3148691403320059,early_0_36m
5303,22.0,0.060730599752909065,CalibratedTotalRisk,recomputed/revised,temporal_test,-1.0033021088637848,-0.3219442573411619,early_0_36m
242,23.0,-0.018864098659177174,CalibratedTotalRisk,recomputed/revised,temporal_test,-0.958850346292951,-0.3384238538932803,early_0_36m
1291,23.0,0.20054968173960044,CalibratedTotalRisk,recomputed/revised,temporal_test,-0.958850346292951,-0.3361330654380021,early_0_36m
2562,23.0,-0.575553664181676,CalibratedTotalRisk,recomputed/revised,temporal_test,-0.958850346292951,-0.3328462338703859,early_0_36m
4066,23.0,0.12656276006906902,CalibratedTotalRisk,recomputed/revised,temporal_test,-0.958850346292951,-0.3507990446508071,early_0_36m
4890,23.0,-0.5021996513347329,CalibratedTotalRisk,recomputed/revised,temporal_test,-0.958850346292951,-0.35900283421662893,early_0_36m
5062,23.0,0.2924203644406402,CalibratedTotalRisk,recomputed/revised,temporal_test,-0.958850346292951,-0.36304380182597024,early_0_36m
6265,23.0,0.35233688286207504,CalibratedTotalRisk,recomputed/revised,temporal_test,-0.958850346292951,-0.3545348189788441,early_0_36m
101,24.0,-0.21055433080146504,CalibratedTotalRisk,recomputed/revised,temporal_test,-0.916290731874155,-0.3568695089206368,early_0_36m
2517,24.0,-0.10827540134788308,CalibratedTotalRisk,recomputed/revised,temporal_test,-0.916290731874155,-0.3526330403350702,early_0_36m
2688,24.0,-0.007696782623131983,CalibratedTotalRisk,recomputed/revised,temporal_test,-0.916290731874155,-0.3459508765878273,early_0_36m
2964,24.0,-0.6115794699021027,CalibratedTotalRisk,recomputed/revised,temporal_test,-0.916290731874155,-0.3160799217868002,early_0_36m
3229,24.0,-0.1844533312933844,CalibratedTotalRisk,recomputed/revised,temporal_test,-0.916290731874155,-0.3191913015324988,early_0_36m
3300,24.0,-0.09154023346011073,CalibratedTotalRisk,recomputed/revised,temporal_test,-0.916290731874155,-0.30597855752672165,early_0_36m
3369,24.0,-1.4987451914475376,CalibratedTotalRisk,recomputed/revised,temporal_test,-0.916290731874155,-0.3113400607511319,early_0_36m
5474,24.0,0.06297626787782201,CalibratedTotalRisk,recomputed/revised,temporal_test,-0.916290731874155,-0.30475977102177626,early_0_36m
5725,24.0,-0.28485275894204354,CalibratedTotalRisk,recomputed/revised,temporal_test,-0.916290731874155,-0.31734412757127206,early_0_36m
1073,25.0,-0.6277598880651213,CalibratedTotalRisk,recomputed/revised,temporal_test,-0.8754687373538999,-0.3125295298532134,early_0_36m
5328,25.0,-1.4857813021853448,CalibratedTotalRisk,recomputed/revised,temporal_test,-0.8754687373538999,-0.3017972753625285,early_0_36m
332,26.0,-0.21180086044903493,CalibratedTotalRisk,recomputed/revised,temporal_test,-0.8362480242006186,-0.3016914478500822,early_0_36m
3171,26.0,0.08937895548956723,CalibratedTotalRisk,recomputed/revised,temporal_test,-0.8362480242006186,-0.27563124376388226,early_0_36m
4525,26.0,-1.0866133793963058,CalibratedTotalRisk,recomputed/revised,temporal_test,-0.8362480242006186,-0.2692534320040766,early_0_36m
53,27.0,-0.30937994614797787,CalibratedTotalRisk,recomputed/revised,temporal_test,-0.7985076962177716,-0.28010402282562186,early_0_36m
355,27.0,-1.388986627498238,CalibratedTotalRisk,recomputed/revised,temporal_test,-0.7985076962177716,-0.28689371632871974,early_0_36m
525,27.0,-1.3065638542040956,CalibratedTotalRisk,recomputed/revised,temporal_test,-0.7985076962177716,-0.267319223216214,early_0_36m
634,27.0,0.06921754775706938,CalibratedTotalRisk,recomputed/revised,temporal_test,-0.7985076962177716,-0.29200512177850974,early_0_36m
2630,27.0,-0.6252617277996209,CalibratedTotalRisk,recomputed/revised,temporal_test,-0.7985076962177716,-0.29966715601527516,early_0_36m
2876,27.0,0.0455656320210419,CalibratedTotalRisk,recomputed/revised,temporal_test,-0.7985076962177716,-0.3042650497814422,early_0_36m
4218,27.0,-0.8988534014715732,CalibratedTotalRisk,recomputed/revised,temporal_test,-0.7985076962177716,-0.3084029205605005,early_0_36m
4651,27.0,-0.49172893019872704,CalibratedTotalRisk,recomputed/revised,temporal_test,-0.7985076962177716,-0.29530952878777733,early_0_36m
4652,27.0,-0.045519895226903195,CalibratedTotalRisk,recomputed/revised,temporal_test,-0.7985076962177716,-0.2968624676588289,early_0_36m
5426,27.0,0.15617904615370246,CalibratedTotalRisk,recomputed/revised,temporal_test,-0.7985076962177716,-0.2794030549964032,early_0_36m
5996,27.0,-0.01534899601546489,CalibratedTotalRisk,recomputed/revised,temporal_test,-0.7985076962177716,-0.31478856055776505,early_0_36m
520,28.0,0.10431713581920302,CalibratedTotalRisk,recomputed/revised,temporal_test,-0.7621400520468967,-0.3255594947169389,early_0_36m
845,28.0,-0.3566294057700703,CalibratedTotalRisk,recomputed/revised,temporal_test,-0.7621400520468967,-0.32076264158413675,early_0_36m
3566,28.0,0.10328965463531845,CalibratedTotalRisk,recomputed/revised,temporal_test,-0.7621400520468967,-0.35086261378386674,early_0_36m
6690,28.0,0.06317281082816174,CalibratedTotalRisk,recomputed/revised,temporal_test,-0.7621400520468967,-0.3612674676630733,early_0_36m
1514,29.0,0.015616404670706446,CalibratedTotalRisk,recomputed/revised,temporal_test,-0.7270487322356266,-0.3500921088304582,early_0_36m
2739,29.0,0.39460152865948256,CalibratedTotalRisk,recomputed/revised,temporal_test,-0.7270487322356266,-0.34097223441574576,early_0_36m
6445,29.0,0.07983979708037835,CalibratedTotalRisk,recomputed/revised,temporal_test,-0.7270487322356266,-0.33802446515162865,early_0_36m
1222,30.0,-0.30921313720275756,CalibratedTotalRisk,recomputed/revised,temporal_test,-0.6931471805599453,-0.3081836045844492,early_0_36m
3565,30.0,-0.010275377661101362,CalibratedTotalRisk,recomputed/revised,temporal_test,-0.6931471805599453,-0.3102831277472421,early_0_36m
3849,30.0,-0.8735181421577597,CalibratedTotalRisk,recomputed/revised,temporal_test,-0.6931471805599453,-0.3001093596320439,early_0_36m
6232,30.0,-0.3077041847870872,CalibratedTotalRisk,recomputed/revised,temporal_test,-0.6931471805599453,-0.28546875580514924,early_0_36m
338,31.0,-0.13343772861473413,CalibratedTotalRisk,recomputed/revised,temporal_test,-0.6603573577369544,-0.25524737455320823,early_0_36m
778,31.0,0.3348740370053408,CalibratedTotalRisk,recomputed/revised,temporal_test,-0.6603573577369544,-0.2359626665801119,early_0_36m
1693,31.0,0.39507718848355766,CalibratedTotalRisk,recomputed/revised,temporal_test,-0.6603573577369544,-0.22983249241114315,early_0_36m
3190,31.0,-0.39202468504999277,CalibratedTotalRisk,recomputed/revised,temporal_test,-0.6603573577369544,-0.21510851253204588,early_0_36m
4966,31.0,-1.1844540245276536,CalibratedTotalRisk,recomputed/revised,temporal_test,-0.6603573577369544,-0.2085901182177105,early_0_36m
5778,31.0,-0.19806482978369847,CalibratedTotalRisk,recomputed/revised,temporal_test,-0.6603573577369544,-0.18673305731791162,early_0_36m
342,32.0,-1.4857322678431364,CalibratedTotalRisk,recomputed/revised,temporal_test,-0.6286086594223742,-0.1101214183921866,early_0_36m
803,32.0,-0.33003314632212666,CalibratedTotalRisk,recomputed/revised,temporal_test,-0.6286086594223742,-0.10399503706880718,early_0_36m
1473,32.0,-0.25335668073369505,CalibratedTotalRisk,recomputed/revised,temporal_test,-0.6286086594223742,-0.10578543532917599,early_0_36m
1787,32.0,-0.010481727992374021,CalibratedTotalRisk,recomputed/revised,temporal_test,-0.6286086594223742,-0.09393919802909094,early_0_36m
1789,32.0,0.09220931622720695,CalibratedTotalRisk,recomputed/revised,temporal_test,-0.6286086594223742,-0.0662412682915372,early_0_36m
4592,32.0,0.0473628776454378,CalibratedTotalRisk,recomputed/revised,temporal_test,-0.6286086594223742,-0.06447237388042466,early_0_36m
5117,32.0,0.38823039444897667,CalibratedTotalRisk,recomputed/revised,temporal_test,-0.6286086594223742,-0.054860389367777915,early_0_36m
96,33.0,-1.512240419188815,CalibratedTotalRisk,recomputed/revised,temporal_test,-0.5978370007556204,-0.0569133470880804,early_0_36m
1520,33.0,-0.19698075925579053,CalibratedTotalRisk,recomputed/revised,temporal_test,-0.5978370007556204,-0.06189858320001719,early_0_36m
2287,33.0,0.034085178971447964,CalibratedTotalRisk,recomputed/revised,temporal_test,-0.5978370007556204,-0.053712668360608826,early_0_36m
5856,33.0,-1.643373983534115,CalibratedTotalRisk,recomputed/revised,temporal_test,-0.5978370007556204,-0.06823820776409795,early_0_36m
6299,33.0,-0.5383443304626698,CalibratedTotalRisk,recomputed/revised,temporal_test,-0.5978370007556204,-0.06474389204674869,early_0_36m
1356,34.0,-0.04163616943872609,CalibratedTotalRisk,recomputed/revised,temporal_test,-0.5679840376059393,-0.08494198493963868,early_0_36m
3259,34.0,0.2806602638569478,CalibratedTotalRisk,recomputed/revised,temporal_test,-0.5679840376059393,-0.09473241688320118,early_0_36m
3298,34.0,0.05879599900986178,CalibratedTotalRisk,recomputed/revised,temporal_test,-0.5679840376059393,-0.12602319646972743,early_0_36m
3419,34.0,0.02313869747861381,CalibratedTotalRisk,recomputed/revised,temporal_test,-0.5679840376059393,-0.11772609025967531,early_0_36m
3616,34.0,-0.04409941342461575,CalibratedTotalRisk,recomputed/revised,temporal_test,-0.5679840376059393,-0.10417009349213043,early_0_36m
4627,34.0,0.2340094149330661,CalibratedTotalRisk,recomputed/revised,temporal_test,-0.5679840376059393,-0.10067058380746154,early_0_36m
812,35.0,0.11891090710650505,CalibratedTotalRisk,recomputed/revised,temporal_test,-0.5389965007326869,-0.09368372773028391,early_0_36m
947,35.0,0.05550914166364659,CalibratedTotalRisk,recomputed/revised,temporal_test,-0.5389965007326869,-0.07715522617341936,early_0_36m
3132,35.0,0.7717192461788785,CalibratedTotalRisk,recomputed/revised,temporal_test,-0.5389965007326869,-0.06541981417501094,early_0_36m
3711,35.0,0.40201783810697345,CalibratedTotalRisk,recomputed/revised,temporal_test,-0.5389965007326869,-0.06488886760889286,early_0_36m
3729,35.0,-0.33569040556234586,CalibratedTotalRisk,recomputed/revised,temporal_test,-0.5389965007326869,-0.06648857222023845,early_0_36m
4217,35.0,0.023058163883126637,CalibratedTotalRisk,recomputed/revised,temporal_test,-0.5389965007326869,-0.05179679656938863,early_0_36m
5061,35.0,-0.27427652160849547,CalibratedTotalRisk,recomputed/revised,temporal_test,-0.5389965007326869,-0.02879821780477833,early_0_36m
5066,35.0,2.600629731007882,CalibratedTotalRisk,recomputed/revised,temporal_test,-0.5389965007326869,-0.02281160191468681,early_0_36m
1864,36.0,0.38166299524941905,CalibratedTotalRisk,recomputed/revised,temporal_test,-0.5108256237659907,0.007489358644895876,early_0_36m
2587,36.0,-0.7165720390784296,CalibratedTotalRisk,recomputed/revised,temporal_test,-0.5108256237659907,0.02319513741475702,early_0_36m
3096,36.0,0.6497237343253794,CalibratedTotalRisk,recomputed/revised,temporal_test,-0.5108256237659907,0.018476729156028875,early_0_36m
3131,36.0,0.5137410151436669,CalibratedTotalRisk,recomputed/revised,temporal_test,-0.5108256237659907,0.029069148554948066,early_0_36m
3457,36.0,-0.40151531523198747,CalibratedTotalRisk,recomputed/revised,temporal_test,-0.5108256237659907,0.015951825524641305,early_0_36m
4901,36.0,0.44469131491808095,CalibratedTotalRisk,recomputed/revised,temporal_test,-0.5108256237659907,0.021842426060952515,early_0_36m
5171,36.0,0.051478202418275616,CalibratedTotalRisk,recomputed/revised,temporal_test,-0.5108256237659907,-0.0033866591493982552,early_0_36m
5288,36.0,-0.26959603772424073,CalibratedTotalRisk,recomputed/revised,temporal_test,-0.5108256237659907,-0.0006263024310132634,early_0_36m
5991,36.0,0.5217987926290295,CalibratedTotalRisk,recomputed/revised,temporal_test,-0.5108256237659907,0.004956810468670888,early_0_36m
1876,37.0,-1.0974319153480157,CalibratedTotalRisk,recomputed/revised,temporal_test,-0.4834266495778762,-0.0035624170860399113,middle_37_72m
3709,37.0,0.2814997562201306,CalibratedTotalRisk,recomputed/revised,temporal_test,-0.4834266495778762,0.028829907103368572,middle_37_72m
446,38.0,-0.9669299267092281,CalibratedTotalRisk,recomputed/revised,temporal_test,-0.456758402495715,0.044533630780898774,middle_37_72m
4226,38.0,-0.48369562445098113,CalibratedTotalRisk,recomputed/revised,temporal_test,-0.456758402495715,0.05652916587309633,middle_37_72m
4698,38.0,-1.201228230253356,CalibratedTotalRisk,recomputed/revised,temporal_test,-0.456758402495715,0.0477786441209982,middle_37_72m
246,39.0,0.5029922137930365,CalibratedTotalRisk,recomputed/revised,temporal_test,-0.4307829160924542,0.05451702192650048,middle_37_72m
3998,39.0,0.3821426979420322,CalibratedTotalRisk,recomputed/revised,temporal_test,-0.4307829160924542,0.06027514056142116,middle_37_72m
5637,39.0,0.16819961625701182,CalibratedTotalRisk,recomputed/revised,temporal_test,-0.4307829160924542,0.05442949057015067,middle_37_72m
1558,40.0,-0.5171884822217017,CalibratedTotalRisk,recomputed/revised,temporal_test,-0.40546510810816444,0.05977245101466059,middle_37_72m
2285,40.0,0.5352493946130051,CalibratedTotalRisk,recomputed/revised,temporal_test,-0.40546510810816444,0.053428850203103014,middle_37_72m
2628,40.0,0.46506828330409544,CalibratedTotalRisk,recomputed/revised,temporal_test,-0.40546510810816444,0.05907067431573036,middle_37_72m
594,41.0,0.3619523118773626,CalibratedTotalRisk,recomputed/revised,temporal_test,-0.38077249551779285,0.04846869259786002,middle_37_72m
1589,41.0,0.3134922533049332,CalibratedTotalRisk,recomputed/revised,temporal_test,-0.38077249551779285,0.047105957424152606,middle_37_72m
2288,41.0,0.3572558731433473,CalibratedTotalRisk,recomputed/revised,temporal_test,-0.38077249551779285,0.06343927559258114,middle_37_72m
2682,41.0,-0.011526507532527812,CalibratedTotalRisk,recomputed/revised,temporal_test,-0.38077249551779285,0.06966257209282255,middle_37_72m
5580,41.0,0.10725258061096915,CalibratedTotalRisk,recomputed/revised,temporal_test,-0.38077249551779285,0.07537937502545203,middle_37_72m
686,42.0,0.05961672069558051,CalibratedTotalRisk,recomputed/revised,temporal_test,-0.35667494393873245,0.03084581568004192,middle_37_72m
1146,42.0,0.47096157094079194,CalibratedTotalRisk,recomputed/revised,temporal_test,-0.35667494393873245,0.019250005233671045,middle_37_72m
1939,42.0,-0.4939955019288307,CalibratedTotalRisk,recomputed/revised,temporal_test,-0.35667494393873245,0.03138219596284468,middle_37_72m
3908,42.0,0.5297316613525047,CalibratedTotalRisk,recomputed/revised,temporal_test,-0.35667494393873245,0.0266932465634476,middle_37_72m
4201,42.0,-0.5767741583184378,CalibratedTotalRisk,recomputed/revised,temporal_test,-0.35667494393873245,0.02408065019285341,middle_37_72m
5389,42.0,0.3477835049973093,CalibratedTotalRisk,recomputed/revised,temporal_test,-0.35667494393873245,0.025499642505474086,middle_37_72m
347,43.0,-0.8984529512789126,CalibratedTotalRisk,recomputed/revised,temporal_test,-0.33314444652853825,0.02615349576851027,middle_37_72m
348,43.0,-1.3714622265511804,CalibratedTotalRisk,recomputed/revised,temporal_test,-0.33314444652853825,0.030008054698325803,middle_37_72m
1075,43.0,0.08775799862810123,CalibratedTotalRisk,recomputed/revised,temporal_test,-0.33314444652853825,0.03316934685437022,middle_37_72m
3617,43.0,-0.4003954263188028,CalibratedTotalRisk,recomputed/revised,temporal_test,-0.33314444652853825,0.0374111022878642,middle_37_72m
4153,43.0,0.00863455012571772,CalibratedTotalRisk,recomputed/revised,temporal_test,-0.33314444652853825,0.057780080451115885,middle_37_72m
4342,43.0,0.26254557709137033,CalibratedTotalRisk,recomputed/revised,temporal_test,-0.33314444652853825,0.058415266643402686,middle_37_72m
4428,43.0,0.5701361202633493,CalibratedTotalRisk,recomputed/revised,temporal_test,-0.33314444652853825,0.08331940083939063,middle_37_72m
4486,43.0,-0.1656163455000569,CalibratedTotalRisk,recomputed/revised,temporal_test,-0.33314444652853825,0.09990494150558457,middle_37_72m
5324,43.0,0.4024532670904783,CalibratedTotalRisk,recomputed/revised,temporal_test,-0.33314444652853825,0.12186514303580898,middle_37_72m
889,44.0,0.3168027478595681,CalibratedTotalRisk,recomputed/revised,temporal_test,-0.3101549283038396,0.12106554264223614,middle_37_72m
1012,44.0,-0.34222756297941054,CalibratedTotalRisk,recomputed/revised,temporal_test,-0.3101549283038396,0.12220951451105254,middle_37_72m
1729,44.0,0.5065003976030722,CalibratedTotalRisk,recomputed/revised,temporal_test,-0.3101549283038396,0.1304002611213418,middle_37_72m
4476,44.0,-0.20461273428293159,CalibratedTotalRisk,recomputed/revised,temporal_test,-0.3101549283038396,0.13611211301214649,middle_37_72m
6437,44.0,0.3432421714076411,CalibratedTotalRisk,recomputed/revised,temporal_test,-0.3101549283038396,0.12914335864939097,middle_37_72m
1442,45.0,0.23101817856749116,CalibratedTotalRisk,recomputed/revised,temporal_test,-0.2876820724517809,0.11926844954712688,middle_37_72m
3283,45.0,0.3325183442478955,CalibratedTotalRisk,recomputed/revised,temporal_test,-0.2876820724517809,0.12250694624934796,middle_37_72m
289,46.0,0.4973088210275101,CalibratedTotalRisk,recomputed/revised,temporal_test,-0.2657031657330056,0.1288194377457135,middle_37_72m
2069,46.0,0.3404462853954385,CalibratedTotalRisk,recomputed/revised,temporal_test,-0.2657031657330056,0.12764046049787292,middle_37_72m
2135,46.0,0.017280427955607608,CalibratedTotalRisk,recomputed/revised,temporal_test,-0.2657031657330056,0.11715947075093096,middle_37_72m
3750,46.0,0.3294182043919663,CalibratedTotalRisk,recomputed/revised,temporal_test,-0.2657031657330056,0.11675431778145383,middle_37_72m
2574,47.0,-0.20972333751549566,CalibratedTotalRisk,recomputed/revised,temporal_test,-0.2441969605120421,0.12329901888199853,middle_37_72m
2602,47.0,-0.09783031189057433,CalibratedTotalRisk,recomputed/revised,temporal_test,-0.2441969605120421,0.09596265066081575,middle_37_72m
3421,47.0,0.41058731495612866,CalibratedTotalRisk,recomputed/revised,temporal_test,-0.2441969605120421,0.10601157955956599,middle_37_72m
3464,47.0,0.380498600243363,CalibratedTotalRisk,recomputed/revised,temporal_test,-0.2441969605120421,0.10670119028013701,middle_37_72m
5503,47.0,-0.3291467072883328,CalibratedTotalRisk,recomputed/revised,temporal_test,-0.2441969605120421,0.13433725232521876,middle_37_72m
499,48.0,0.47803783133292616,CalibratedTotalRisk,recomputed/revised,temporal_test,-0.2231435513142097,0.11924311169636148,middle_37_72m
565,48.0,0.24806070783886772,CalibratedTotalRisk,recomputed/revised,temporal_test,-0.2231435513142097,0.150319059033362,middle_37_72m
1329,48.0,-0.10837013776597527,CalibratedTotalRisk,recomputed/revised,temporal_test,-0.2231435513142097,0.18763550813230204,middle_37_72m
5031,48.0,0.7381283197372221,CalibratedTotalRisk,recomputed/revised,temporal_test,-0.2231435513142097,0.19370919550509694,middle_37_72m
34,49.0,-0.05861402902217911,CalibratedTotalRisk,recomputed/revised,temporal_test,-0.2025242641114741,0.18822143841192587,middle_37_72m
49,49.0,0.3138942520267575,CalibratedTotalRisk,recomputed/revised,temporal_test,-0.2025242641114741,0.1853496677157491,middle_37_72m
1474,49.0,0.3031809172861562,CalibratedTotalRisk,recomputed/revised,temporal_test,-0.2025242641114741,0.19474243669337565,middle_37_72m
3046,49.0,0.3621669495249108,CalibratedTotalRisk,recomputed/revised,temporal_test,-0.2025242641114741,0.19106683235898955,middle_37_72m
743,50.0,-0.08125795221191161,CalibratedTotalRisk,recomputed/revised,temporal_test,-0.1823215567939546,0.2031998942786855,middle_37_72m
1889,50.0,0.46221259372082174,CalibratedTotalRisk,recomputed/revised,temporal_test,-0.1823215567939546,0.18352478543687958,middle_37_72m
2175,50.0,0.4404852632516681,CalibratedTotalRisk,recomputed/revised,temporal_test,-0.1823215567939546,0.19585464825156393,middle_37_72m
3179,50.0,0.5859276933817635,CalibratedTotalRisk,recomputed/revised,temporal_test,-0.1823215567939546,0.20890443429188785,middle_37_72m
5191,50.0,-0.22588403579066138,CalibratedTotalRisk,recomputed/revised,temporal_test,-0.1823215567939546,0.19649226118991048,middle_37_72m
1416,51.0,0.179842922112473,CalibratedTotalRisk,recomputed/revised,temporal_test,-0.16251892949777494,0.2012562735766232,middle_37_72m
4694,51.0,-0.03855208091137332,CalibratedTotalRisk,recomputed/revised,temporal_test,-0.16251892949777494,0.20202517065386985,middle_37_72m
5308,51.0,0.5271156436906382,CalibratedTotalRisk,recomputed/revised,temporal_test,-0.16251892949777494,0.18702330446362522,middle_37_72m
6356,51.0,0.6354293196195766,CalibratedTotalRisk,recomputed/revised,temporal_test,-0.16251892949777494,0.19099687849594074,middle_37_72m
84,52.0,0.2971280335034774,CalibratedTotalRisk,recomputed/revised,temporal_test,-0.1431008436406733,0.19041607081523643,middle_37_72m
340,52.0,-0.5460569846265686,CalibratedTotalRisk,recomputed/revised,temporal_test,-0.1431008436406733,0.17443291727413018,middle_37_72m
738,52.0,0.08658977916763597,CalibratedTotalRisk,recomputed/revised,temporal_test,-0.1431008436406733,0.1781285915495883,middle_37_72m
1510,52.0,0.39339647682336,CalibratedTotalRisk,recomputed/revised,temporal_test,-0.1431008436406733,0.16596539051821363,middle_37_72m
2804,52.0,-0.9231932083395293,CalibratedTotalRisk,recomputed/revised,temporal_test,-0.1431008436406733,0.17969300823382858,middle_37_72m
6325,52.0,0.018499871907430777,CalibratedTotalRisk,recomputed/revised,temporal_test,-0.1431008436406733,0.1717304223599264,middle_37_72m
528,53.0,0.5649018081016266,CalibratedTotalRisk,recomputed/revised,temporal_test,-0.12405264866997888,0.17841538342098454,middle_37_72m
1912,53.0,0.8326650059807309,CalibratedTotalRisk,recomputed/revised,temporal_test,-0.12405264866997888,0.16570113530527103,middle_37_72m
2530,53.0,-0.422017667074411,CalibratedTotalRisk,recomputed/revised,temporal_test,-0.12405264866997888,0.1796221918234303,middle_37_72m
2573,53.0,0.6864203629081157,CalibratedTotalRisk,recomputed/revised,temporal_test,-0.12405264866997888,0.17842104352550353,middle_37_72m
2938,53.0,0.5316766774947604,CalibratedTotalRisk,recomputed/revised,temporal_test,-0.12405264866997888,0.17940751723261075,middle_37_72m
3910,53.0,0.3975160546406413,CalibratedTotalRisk,recomputed/revised,temporal_test,-0.12405264866997888,0.16632521477645096,middle_37_72m
4458,53.0,-0.6802710380705276,CalibratedTotalRisk,recomputed/revised,temporal_test,-0.12405264866997888,0.15915584503997252,middle_37_72m
5859,53.0,-0.13782575537929787,CalibratedTotalRisk,recomputed/revised,temporal_test,-0.12405264866997888,0.14934989331165352,middle_37_72m
44,54.0,0.7415767949503264,CalibratedTotalRisk,recomputed/revised,temporal_test,-0.10536051565782628,0.14894706232341598,middle_37_72m
185,54.0,0.3826802992096572,CalibratedTotalRisk,recomputed/revised,temporal_test,-0.10536051565782628,0.15660527192278648,middle_37_72m
1798,54.0,0.4531698124044361,CalibratedTotalRisk,recomputed/revised,temporal_test,-0.10536051565782628,0.15782520279819087,middle_37_72m
1881,54.0,-0.600977283841624,CalibratedTotalRisk,recomputed/revised,temporal_test,-0.10536051565782628,0.1581102640075967,middle_37_72m
2329,54.0,0.9456257514084694,CalibratedTotalRisk,recomputed/revised,temporal_test,-0.10536051565782628,0.14835128941630008,middle_37_72m
345,55.0,0.3233115250771105,CalibratedTotalRisk,recomputed/revised,temporal_test,-0.08701137698962981,0.1307874578741117,middle_37_72m
1023,55.0,-0.12652043059777446,CalibratedTotalRisk,recomputed/revised,temporal_test,-0.08701137698962981,0.1023067123695225,middle_37_72m
1689,55.0,0.038351897439417436,CalibratedTotalRisk,recomputed/revised,temporal_test,-0.08701137698962981,0.12164492062749452,middle_37_72m
2414,55.0,0.38245592234722137,CalibratedTotalRisk,recomputed/revised,temporal_test,-0.08701137698962981,0.12074188433645201,middle_37_72m
3993,55.0,-0.5340769971349872,CalibratedTotalRisk,recomputed/revised,temporal_test,-0.08701137698962981,0.12995313025589125,middle_37_72m
4035,55.0,0.5351706198959879,CalibratedTotalRisk,recomputed/revised,temporal_test,-0.08701137698962981,0.1316318290528458,middle_37_72m
663,56.0,0.46768762931158997,CalibratedTotalRisk,recomputed/revised,temporal_test,-0.06899287148695143,0.11347885182634233,middle_37_72m
1178,56.0,-0.4746945452009793,CalibratedTotalRisk,recomputed/revised,temporal_test,-0.06899287148695143,0.09192484263902448,middle_37_72m
1560,56.0,0.20575981600397147,CalibratedTotalRisk,recomputed/revised,temporal_test,-0.06899287148695143,0.11042913445922517,middle_37_72m
2275,56.0,-0.29090504820814295,CalibratedTotalRisk,recomputed/revised,temporal_test,-0.06899287148695143,0.11645259224208412,middle_37_72m
2631,56.0,0.4903851659808674,CalibratedTotalRisk,recomputed/revised,temporal_test,-0.06899287148695143,0.09324931037048591,middle_37_72m
2959,56.0,-0.5039221914595846,CalibratedTotalRisk,recomputed/revised,temporal_test,-0.06899287148695143,0.121872727394471,middle_37_72m
3185,56.0,0.7515203290700936,CalibratedTotalRisk,recomputed/revised,temporal_test,-0.06899287148695143,0.12914307026575647,middle_37_72m
4389,56.0,-0.26792805365802735,CalibratedTotalRisk,recomputed/revised,temporal_test,-0.06899287148695143,0.11826878631741967,middle_37_72m
636,57.0,0.38082717513779024,CalibratedTotalRisk,recomputed/revised,temporal_test,-0.05129329438755058,0.11351231037638804,middle_37_72m
788,57.0,0.4167792681386618,CalibratedTotalRisk,recomputed/revised,temporal_test,-0.05129329438755058,0.10922581363664771,middle_37_72m
1039,57.0,0.2983708669013351,CalibratedTotalRisk,recomputed/revised,temporal_test,-0.05129329438755058,0.09431837926243973,middle_37_72m
4156,57.0,-0.7755675630301245,CalibratedTotalRisk,recomputed/revised,temporal_test,-0.05129329438755058,0.06376040057657195,middle_37_72m
6027,57.0,0.3724904631768221,CalibratedTotalRisk,recomputed/revised,temporal_test,-0.05129329438755058,0.05528485603081215,middle_37_72m
928,58.0,-0.5587175671664477,CalibratedTotalRisk,recomputed/revised,temporal_test,-0.03390155167568134,0.06252234815235996,middle_37_72m
3999,58.0,0.29334987162664294,CalibratedTotalRisk,recomputed/revised,temporal_test,-0.03390155167568134,0.05616642990968662,middle_37_72m
4405,58.0,0.693749606854052,CalibratedTotalRisk,recomputed/revised,temporal_test,-0.03390155167568134,0.031738045228998354,middle_37_72m
4450,58.0,0.42438342417053454,CalibratedTotalRisk,recomputed/revised,temporal_test,-0.03390155167568134,0.0216541186636033,middle_37_72m
152,59.0,-0.06671983053221522,CalibratedTotalRisk,recomputed/revised,temporal_test,-0.01680711831638129,0.006145623603020473,middle_37_72m
485,59.0,-0.035495110435306586,CalibratedTotalRisk,recomputed/revised,temporal_test,-0.01680711831638129,0.0307938970665603,middle_37_72m
643,59.0,-0.45527014539993843,CalibratedTotalRisk,recomputed/revised,temporal_test,-0.01680711831638129,0.022275949653091095,middle_37_72m
1564,59.0,-0.8665903273522851,CalibratedTotalRisk,recomputed/revised,temporal_test,-0.01680711831638129,0.018541227693469577,middle_37_72m
1683,59.0,0.7603645853659112,CalibratedTotalRisk,recomputed/revised,temporal_test,-0.01680711831638129,0.017046812471729435,middle_37_72m
1765,59.0,0.1337880712693051,CalibratedTotalRisk,recomputed/revised,temporal_test,-0.01680711831638129,0.01845060125310384,middle_37_72m
3027,59.0,0.4312214609800282,CalibratedTotalRisk,recomputed/revised,temporal_test,-0.01680711831638129,0.02327885819340575,middle_37_72m
3601,59.0,0.6127292823353208,CalibratedTotalRisk,recomputed/revised,temporal_test,-0.01680711831638129,0.042642073716788804,middle_37_72m
3862,59.0,-0.2903725189321006,CalibratedTotalRisk,recomputed/revised,temporal_test,-0.01680711831638129,0.03903332379758741,middle_37_72m
1775,60.0,-0.8021264350497335,CalibratedTotalRisk,recomputed/revised,temporal_test,0.0,0.03470248832906749,middle_37_72m
4062,60.0,0.3976618982036665,CalibratedTotalRisk,recomputed/revised,temporal_test,0.0,0.053760392200523754,middle_37_72m
4289,61.0,0.39378612609344243,CalibratedTotalRisk,recomputed/revised,temporal_test,0.016529301951210506,0.04808263283853803,middle_37_72m
4539,61.0,-0.7899708986281483,CalibratedTotalRisk,recomputed/revised,temporal_test,0.016529301951210506,0.06727480511634606,middle_37_72m
162,62.0,0.5366010598837109,CalibratedTotalRisk,recomputed/revised,temporal_test,0.03278982282299097,0.06332303865066179,middle_37_72m
1636,62.0,0.38928735834298944,CalibratedTotalRisk,recomputed/revised,temporal_test,0.03278982282299097,0.07768416162839825,middle_37_72m
3188,62.0,0.010313326736450468,CalibratedTotalRisk,recomputed/revised,temporal_test,0.03278982282299097,0.07597906763514962,middle_37_72m
4268,62.0,0.5900847329881167,CalibratedTotalRisk,recomputed/revised,temporal_test,0.03278982282299097,0.09202662767744392,middle_37_72m
217,63.0,-0.6406290008011671,CalibratedTotalRisk,recomputed/revised,temporal_test,0.04879016416943204,0.09882472480642948,middle_37_72m
2539,63.0,-0.07385879017649212,CalibratedTotalRisk,recomputed/revised,temporal_test,0.04879016416943204,0.09839681013866755,middle_37_72m
866,64.0,-1.0267802354844962,CalibratedTotalRisk,recomputed/revised,temporal_test,0.06453852113757116,0.09298164140239618,middle_37_72m
1104,64.0,-0.03473671719310845,CalibratedTotalRisk,recomputed/revised,temporal_test,0.06453852113757116,0.11372607272879652,middle_37_72m
2049,64.0,-0.3111589398715897,CalibratedTotalRisk,recomputed/revised,temporal_test,0.06453852113757116,0.0973201372561688,middle_37_72m
2060,64.0,-0.4619775857556377,CalibratedTotalRisk,recomputed/revised,temporal_test,0.06453852113757116,0.11126677757847508,middle_37_72m
2217,64.0,-0.5042708237647755,CalibratedTotalRisk,recomputed/revised,temporal_test,0.06453852113757116,0.09661874163017621,middle_37_72m
2903,64.0,-0.1315999556254906,CalibratedTotalRisk,recomputed/revised,temporal_test,0.06453852113757116,0.09067825817534567,middle_37_72m
3342,64.0,-0.337763435685288,CalibratedTotalRisk,recomputed/revised,temporal_test,0.06453852113757116,0.08531581184997508,middle_37_72m
110,65.0,0.6560846627989072,CalibratedTotalRisk,recomputed/revised,temporal_test,0.08004270767353636,0.09314003409592429,middle_37_72m
438,65.0,0.5112104333215398,CalibratedTotalRisk,recomputed/revised,temporal_test,0.08004270767353636,0.09593405319735158,middle_37_72m
548,65.0,0.13284070513641313,CalibratedTotalRisk,recomputed/revised,temporal_test,0.08004270767353636,0.1198780199214808,middle_37_72m
3222,65.0,-0.2027356069065217,CalibratedTotalRisk,recomputed/revised,temporal_test,0.08004270767353636,0.14811265796246434,middle_37_72m
3478,65.0,0.10994512528951197,CalibratedTotalRisk,recomputed/revised,temporal_test,0.08004270767353636,0.14034800868255382,middle_37_72m
350,66.0,0.6286970263026186,CalibratedTotalRisk,recomputed/revised,temporal_test,0.09531017980432493,0.14452512650992477,middle_37_72m
444,66.0,0.4534469945575488,CalibratedTotalRisk,recomputed/revised,temporal_test,0.09531017980432493,0.12127444330917055,middle_37_72m
854,66.0,0.3511243740167163,CalibratedTotalRisk,recomputed/revised,temporal_test,0.09531017980432493,0.11947074836227739,middle_37_72m
1288,66.0,0.2468150204170748,CalibratedTotalRisk,recomputed/revised,temporal_test,0.09531017980432493,0.12020077838527696,middle_37_72m
2232,66.0,0.4972585522432899,CalibratedTotalRisk,recomputed/revised,temporal_test,0.09531017980432493,0.14985223215361876,middle_37_72m
3508,66.0,-0.08380591145730049,CalibratedTotalRisk,recomputed/revised,temporal_test,0.09531017980432493,0.13658924756151106,middle_37_72m
2092,67.0,0.6878957379600666,CalibratedTotalRisk,recomputed/revised,temporal_test,0.11034805716886541,0.14191614560178278,middle_37_72m
2939,67.0,0.28884507623096967,CalibratedTotalRisk,recomputed/revised,temporal_test,0.11034805716886541,0.16790488525750008,middle_37_72m
2036,68.0,0.2284950804049746,CalibratedTotalRisk,recomputed/revised,temporal_test,0.125163142954006,0.16517620181306603,middle_37_72m
2611,68.0,0.6645605354144141,CalibratedTotalRisk,recomputed/revised,temporal_test,0.125163142954006,0.1647917232947818,middle_37_72m
3824,68.0,0.5504975084989822,CalibratedTotalRisk,recomputed/revised,temporal_test,0.125163142954006,0.1674238195676006,middle_37_72m
4510,68.0,0.7275301287160527,CalibratedTotalRisk,recomputed/revised,temporal_test,0.125163142954006,0.16476370263401052,middle_37_72m
4564,68.0,0.3949556200828044,CalibratedTotalRisk,recomputed/revised,temporal_test,0.125163142954006,0.1618391855136727,middle_37_72m
116,69.0,0.022197261351493948,CalibratedTotalRisk,recomputed/revised,temporal_test,0.13976194237515863,0.15849939214371594,middle_37_72m
695,69.0,0.2823984346162945,CalibratedTotalRisk,recomputed/revised,temporal_test,0.13976194237515863,0.1862959007408633,middle_37_72m
744,69.0,-0.4642122459271934,CalibratedTotalRisk,recomputed/revised,temporal_test,0.13976194237515863,0.19063048038566147,middle_37_72m
1715,69.0,0.15256108927117293,CalibratedTotalRisk,recomputed/revised,temporal_test,0.13976194237515863,0.2021585089055355,middle_37_72m
791,70.0,-0.4536999617365994,CalibratedTotalRisk,recomputed/revised,temporal_test,0.15415067982725836,0.2012066503225454,middle_37_72m
1650,70.0,0.3907849506576953,CalibratedTotalRisk,recomputed/revised,temporal_test,0.15415067982725836,0.22195919640304698,middle_37_72m
1004,71.0,0.15089866157663395,CalibratedTotalRisk,recomputed/revised,temporal_test,0.16833531481921474,0.21942913200878617,middle_37_72m
1530,71.0,0.33231550401119436,CalibratedTotalRisk,recomputed/revised,temporal_test,0.16833531481921474,0.23777997122565364,middle_37_72m
2677,71.0,0.10699986373748577,CalibratedTotalRisk,recomputed/revised,temporal_test,0.16833531481921474,0.2319866922608655,middle_37_72m
3449,71.0,0.7658721575306502,CalibratedTotalRisk,recomputed/revised,temporal_test,0.16833531481921474,0.2194446676304432,middle_37_72m
3670,71.0,0.5733762127378762,CalibratedTotalRisk,recomputed/revised,temporal_test,0.16833531481921474,0.22165403492098507,middle_37_72m
3677,71.0,0.3643674720904754,CalibratedTotalRisk,recomputed/revised,temporal_test,0.16833531481921474,0.2161893988874196,middle_37_72m
4589,71.0,0.34682108046522375,CalibratedTotalRisk,recomputed/revised,temporal_test,0.16833531481921474,0.21651885113773764,middle_37_72m
57,72.0,-0.7545633822584388,CalibratedTotalRisk,recomputed/revised,temporal_test,0.1823215567939546,0.21152028982891827,middle_37_72m
816,72.0,0.520740840043771,CalibratedTotalRisk,recomputed/revised,temporal_test,0.1823215567939546,0.20128364532282597,middle_37_72m
876,72.0,-0.2531409877591229,CalibratedTotalRisk,recomputed/revised,temporal_test,0.1823215567939546,0.18030798591785216,middle_37_72m
2446,72.0,0.7100977071356992,CalibratedTotalRisk,recomputed/revised,temporal_test,0.1823215567939546,0.18530019566913825,middle_37_72m
3183,72.0,-0.2787503159938275,CalibratedTotalRisk,recomputed/revised,temporal_test,0.1823215567939546,0.1608083658168448,middle_37_72m
4198,72.0,0.6654579261473004,CalibratedTotalRisk,recomputed/revised,temporal_test,0.1823215567939546,0.17654955082731236,middle_37_72m
261,73.0,0.5354548238134347,CalibratedTotalRisk,recomputed/revised,temporal_test,0.19611487892629037,0.16260504885698784,late_73m_plus
309,73.0,0.3974382042175743,CalibratedTotalRisk,recomputed/revised,temporal_test,0.19611487892629037,0.161484866636631,late_73m_plus
1527,73.0,0.369678953910494,CalibratedTotalRisk,recomputed/revised,temporal_test,0.19611487892629037,0.16639116521982722,late_73m_plus
2024,73.0,0.14455023665020797,CalibratedTotalRisk,recomputed/revised,temporal_test,0.19611487892629037,0.16165821007311315,late_73m_plus
4604,73.0,0.45441876937502335,CalibratedTotalRisk,recomputed/revised,temporal_test,0.19611487892629037,0.16257311636023986,late_73m_plus
213,74.0,-0.7897793739383974,CalibratedTotalRisk,recomputed/revised,temporal_test,0.2097205309820691,0.14720629642963218,late_73m_plus
1612,74.0,-0.24418825204428532,CalibratedTotalRisk,recomputed/revised,temporal_test,0.2097205309820691,0.14691267440247635,late_73m_plus
2200,74.0,0.3908417029700184,CalibratedTotalRisk,recomputed/revised,temporal_test,0.2097205309820691,0.1549166816449402,late_73m_plus
371,75.0,0.18632684469159883,CalibratedTotalRisk,recomputed/revised,temporal_test,0.22314355131420976,0.15022424455365352,late_73m_plus
551,75.0,0.27677051464198626,CalibratedTotalRisk,recomputed/revised,temporal_test,0.22314355131420976,0.17028358099011945,late_73m_plus
1035,75.0,-0.5105223734881343,CalibratedTotalRisk,recomputed/revised,temporal_test,0.22314355131420976,0.17063974310870939,late_73m_plus
1810,75.0,0.554109026340806,CalibratedTotalRisk,recomputed/revised,temporal_test,0.22314355131420976,0.19438590094724062,late_73m_plus
3047,75.0,-0.2606332397327922,CalibratedTotalRisk,recomputed/revised,temporal_test,0.22314355131420976,0.17414811966777732,late_73m_plus
916,76.0,0.5981293643749551,CalibratedTotalRisk,recomputed/revised,temporal_test,0.23638877806423034,0.1830574290144589,late_73m_plus
1248,76.0,0.36062743559471044,CalibratedTotalRisk,recomputed/revised,temporal_test,0.23638877806423034,0.16868488341883486,late_73m_plus
1349,76.0,-0.12843282282999735,CalibratedTotalRisk,recomputed/revised,temporal_test,0.23638877806423034,0.18336140276365592,late_73m_plus
1464,76.0,0.24551843695404876,CalibratedTotalRisk,recomputed/revised,temporal_test,0.23638877806423034,0.171403500015376,late_73m_plus
2616,76.0,-0.4814320446183624,CalibratedTotalRisk,recomputed/revised,temporal_test,0.23638877806423034,0.17104788489959624,late_73m_plus
60,77.0,0.1267471900557326,CalibratedTotalRisk,recomputed/revised,temporal_test,0.24946085963158324,0.16395610949417866,late_73m_plus
2230,77.0,0.37377039955283226,CalibratedTotalRisk,recomputed/revised,temporal_test,0.24946085963158324,0.16121048247481728,late_73m_plus
2241,77.0,-0.06862187525315855,CalibratedTotalRisk,recomputed/revised,temporal_test,0.24946085963158324,0.16045554693366426,late_73m_plus
4256,77.0,-0.7186342556369484,CalibratedTotalRisk,recomputed/revised,temporal_test,0.24946085963158324,0.1583733960593441,late_73m_plus
267,78.0,0.5014177177326643,CalibratedTotalRisk,recomputed/revised,temporal_test,0.26236426446749106,0.16052960145596995,late_73m_plus
336,78.0,-0.7518247702236761,CalibratedTotalRisk,recomputed/revised,temporal_test,0.26236426446749106,0.15113868617404347,late_73m_plus
1595,78.0,0.7189945240765444,CalibratedTotalRisk,recomputed/revised,temporal_test,0.26236426446749106,0.13815774145565138,late_73m_plus
2045,78.0,-0.023273862526482367,CalibratedTotalRisk,recomputed/revised,temporal_test,0.26236426446749106,0.1111399427559991,late_73m_plus
3624,78.0,0.23171578299277132,CalibratedTotalRisk,recomputed/revised,temporal_test,0.26236426446749106,0.10715596731087071,late_73m_plus
15,79.0,0.47871630814798094,CalibratedTotalRisk,recomputed/revised,temporal_test,0.2751032902449208,0.11088550741441862,late_73m_plus
1554,79.0,0.42317982293199763,CalibratedTotalRisk,recomputed/revised,temporal_test,0.2751032902449208,0.10909334285553526,late_73m_plus
4053,79.0,0.5971577291424447,CalibratedTotalRisk,recomputed/revised,temporal_test,0.2751032902449208,0.12142577681478563,late_73m_plus
375,80.0,-0.05617768774493972,CalibratedTotalRisk,recomputed/revised,temporal_test,0.28768207245178085,0.12043891358733859,late_73m_plus
894,80.0,0.3799808966978564,CalibratedTotalRisk,recomputed/revised,temporal_test,0.28768207245178085,0.14551086268591995,late_73m_plus
1679,80.0,0.4304016307171507,CalibratedTotalRisk,recomputed/revised,temporal_test,0.28768207245178085,0.14730125839836364,late_73m_plus
2115,80.0,0.04308414296067311,CalibratedTotalRisk,recomputed/revised,temporal_test,0.28768207245178085,0.13654335516228083,late_73m_plus
157,81.0,0.5588139123325697,CalibratedTotalRisk,recomputed/revised,temporal_test,0.30010459245033816,0.13266056109842952,late_73m_plus
1302,81.0,0.17072535731925995,CalibratedTotalRisk,recomputed/revised,temporal_test,0.30010459245033816,0.14045514174534282,late_73m_plus
299,82.0,0.7573540880284939,CalibratedTotalRisk,recomputed/revised,temporal_test,0.31237468504215243,0.16202757069845888,late_73m_plus
370,82.0,-0.6413418945949338,CalibratedTotalRisk,recomputed/revised,temporal_test,0.31237468504215243,0.15366387779753454,late_73m_plus
1417,82.0,0.6052734382573939,CalibratedTotalRisk,recomputed/revised,temporal_test,0.31237468504215243,0.1621765288355951,late_73m_plus
4528,82.0,-0.40068432136563015,CalibratedTotalRisk,recomputed/revised,temporal_test,0.31237468504215243,0.15456820990249867,late_73m_plus
701,83.0,0.8555023503233583,CalibratedTotalRisk,recomputed/revised,temporal_test,0.32449604557449724,0.1489741046100004,late_73m_plus
2144,83.0,0.1560191173683748,CalibratedTotalRisk,recomputed/revised,temporal_test,0.32449604557449724,0.17708399133732575,late_73m_plus
204,84.0,0.5552398418331096,CalibratedTotalRisk,recomputed/revised,temporal_test,0.3364722366212129,0.17139889392441693,late_73m_plus
563,84.0,0.002686926414177705,CalibratedTotalRisk,recomputed/revised,temporal_test,0.3364722366212129,0.1824942146377085,late_73m_plus
1207,84.0,0.20679410247779345,CalibratedTotalRisk,recomputed/revised,temporal_test,0.3364722366212129,0.18710809195801853,late_73m_plus
269,85.0,-0.7930650948572442,CalibratedTotalRisk,recomputed/revised,temporal_test,0.3483066942682158,0.18710275742802535,late_73m_plus
1325,85.0,0.4145511454534446,CalibratedTotalRisk,recomputed/revised,temporal_test,0.3483066942682158,0.18845901501857007,late_73m_plus
231,86.0,-0.14317451253120456,CalibratedTotalRisk,recomputed/revised,temporal_test,0.36000273403140703,0.1922194504192636,late_73m_plus
646,86.0,0.2311610277574476,CalibratedTotalRisk,recomputed/revised,temporal_test,0.36000273403140703,0.1914478262983296,late_73m_plus
684,86.0,-0.9407784966318233,CalibratedTotalRisk,recomputed/revised,temporal_test,0.36000273403140703,0.20664125268697178,late_73m_plus
1091,86.0,-0.7124498075349655,CalibratedTotalRisk,recomputed/revised,temporal_test,0.36000273403140703,0.19639418725918034,late_73m_plus
73,87.0,0.3322720761118859,CalibratedTotalRisk,recomputed/revised,temporal_test,0.371563556432483,0.20087720868337752,late_73m_plus
1344,87.0,0.5876447494985184,CalibratedTotalRisk,recomputed/revised,temporal_test,0.371563556432483,0.20023473838526518,late_73m_plus
1438,88.0,0.2782785614074419,CalibratedTotalRisk,recomputed/revised,temporal_test,0.3829922522561057,0.19430959860307975,late_73m_plus
1459,88.0,0.7735043685719776,CalibratedTotalRisk,recomputed/revised,temporal_test,0.3829922522561057,0.1893341589437554,late_73m_plus
304,89.0,0.40408874477522305,CalibratedTotalRisk,recomputed/revised,temporal_test,0.39429180751003917,0.18027141293934013,late_73m_plus
735,90.0,0.4888900300892522,CalibratedTotalRisk,recomputed/revised,temporal_test,0.4054651081081644,0.18564525613671012,late_73m_plus
1359,90.0,-0.15287807070965612,CalibratedTotalRisk,recomputed/revised,temporal_test,0.4054651081081644,0.1811258226352881,late_73m_plus
294,91.0,-0.15781136207020505,CalibratedTotalRisk,recomputed/revised,temporal_test,0.41651494429474933,0.1751906843476247,late_73m_plus
386,91.0,-0.011695652564818443,CalibratedTotalRisk,recomputed/revised,temporal_test,0.41651494429474933,0.1784127951131601,late_73m_plus
405,92.0,0.6742941276345644,CalibratedTotalRisk,recomputed/revised,temporal_test,0.42744401482693967,0.16890276718267488,late_73m_plus
1588,92.0,0.5896715031207851,CalibratedTotalRisk,recomputed/revised,temporal_test,0.42744401482693967,0.1688560341022496,late_73m_plus
1666,93.0,0.1275606883936646,CalibratedTotalRisk,recomputed/revised,temporal_test,0.4382549309311553,0.15336924320945372,late_73m_plus
253,94.0,0.17351196320829593,CalibratedTotalRisk,recomputed/revised,temporal_test,0.4489502200479032,0.1748479226095723,late_73m_plus
480,94.0,0.21010509878703756,CalibratedTotalRisk,recomputed/revised,temporal_test,0.4489502200479032,0.1628916582860217,late_73m_plus
112,95.0,0.07532806567729858,CalibratedTotalRisk,recomputed/revised,temporal_test,0.45953232937844013,0.17899382913321174,late_73m_plus
739,95.0,1.3051714002635963,CalibratedTotalRisk,recomputed/revised,temporal_test,0.45953232937844013,0.15909651968644273,late_73m_plus
2051,95.0,-0.04442153110430255,CalibratedTotalRisk,recomputed/revised,temporal_test,0.45953232937844013,0.15918977430214173,late_73m_plus
907,96.0,0.08442931175950955,CalibratedTotalRisk,recomputed/revised,temporal_test,0.47000362924573563,0.146813209691799,late_73m_plus
1376,97.0,0.3620549333915443,CalibratedTotalRisk,recomputed/revised,temporal_test,0.4803664162812822,0.1514624446362384,late_73m_plus
1571,97.0,0.37349833852317865,CalibratedTotalRisk,recomputed/revised,temporal_test,0.4803664162812822,0.14961805604151993,late_73m_plus
637,99.0,0.0005472618646212943,CalibratedTotalRisk,recomputed/revised,temporal_test,0.5007752879124892,0.18212437158975317,late_73m_plus
2093,100.0,-0.5268520502015759,CalibratedTotalRisk,recomputed/revised,temporal_test,0.5108256237659907,0.17382341538033558,late_73m_plus
752,102.0,0.46206488756502906,CalibratedTotalRisk,recomputed/revised,temporal_test,0.5306282510621704,0.18556407937705932,late_73m_plus
799,105.0,0.02303997559707558,CalibratedTotalRisk,recomputed/revised,temporal_test,0.5596157879354227,0.18381035059319822,late_73m_plus
